"Tidstämpel","Prolific ID","Do you have any minority statuses, that'd be relevant to the questions you were asked? (Please list)","Did you lose motivation during the process? Were you confused? Did you make mistakes? Tell us where.","Was the process enjoyable or meaningful?","Would you trust this process to create a wise version of ChatGPT, based on the collected values of a large population?","Do you believe your contributions will find their way to the appropriate place in the final output, and be used to create a wise version of ChatGPT, based on the collected values of a large population?","Did the values you submitted and voted for express what you care about?","Did it help you clarify what was important to you?","Did you learn something about other people’s values?","Based on what you saw of others' values, did you gain respect for the other participants?","","","",""
"2023/09/26 10:11:54 em EEST","testing","","","3","","","","3","3","3","Libertarianism","3","",""
"2023/09/26 10:23:08 em EEST","123123123","","","3","","","","3","3","3","Environmentalism/Green politics","3","",""
"2023/10/04 5:31:40 fm EEST","65084cb6c3ef3213deafb378","no","no","3","2","2","2","3","2","3","","","",""
"2023/10/06 4:55:25 em EEST","65084cb6c3ef3213deafb378","","","2","3","3","3","3","3","3","","","",""
"2023/10/06 5:28:17 em EEST","62e0694f2df985fd601c85de","No","No","5","4","4","5","5","5","5","","","",""
"2023/10/06 5:32:59 em EEST","609449f609ad18c98dba5787","No","No, no, no","5","4","4","5","5","5","5","","","",""
"2023/10/06 5:58:25 em EEST","630dd0429f7ec338d28e2de1","Yes, mixed.","At first, I was confused till I realized I was just answering the question as myself. ","5","5","5","5","5","5","5","","","",""
"2023/10/06 6:01:22 em EEST","64d63276fa26c9f49ffcced1","There is none","There was no confusion","4","4","4","4","5","4","4","","","",""
"2023/10/06 6:04:15 em EEST","649d98ac16748716be901ed0","","Initially confused about instructions as to what my specific response should be.","4","4","4","5","4","4","5","","","",""
"2023/10/06 6:07:46 em EEST","6304d96fa9bd6e269ae89297","LGBTQ+","I wasn't confused, but I found the first task got boring when it kept asking very similar questions.","1","1","1","3","1","1","3","","","",""
"2023/10/06 6:16:41 em EEST","63d0af5d7dafc1dc61832e27","female, poor","everything was good","4","4","4","4","4","5","4","","","",""
"2023/10/06 6:17:41 em EEST","63614d513d6883f562b0ff79","No","I didn’t. I actually enjoyed the process.","5","3","4","4","4","5","5","","","",""
"2023/10/06 6:22:01 em EEST","64135777abac1cc9ff8e1901","No","I did not lose motivation and I was not confused ","5","5","5","5","3","5","5","","","",""
"2023/10/06 6:22:57 em EEST","5f4c4dd50a92c286c1972f06","No","No","3","4","3","3","3","3","2","","","",""
"2023/10/06 6:23:28 em EEST","60886a2ddac2de7cabea5447","No","The last three questions about “wiser” were confusing","4","1","2","3","1","3","3","","","",""
"2023/10/06 6:25:49 em EEST","5e49da75ea0f3c4553a9e3b2","Mixed race female","No","2","1","3","5","3","1","2","","","",""
"2023/10/06 6:28:24 em EEST","5eacd70006f95f33990e3df9","N/A","N/A","4","5","3","4","4","3","3","","","",""
"2023/10/06 6:29:07 em EEST","62b1f567d5f22515024421f1","NA","NA","5","4","4","4","4","4","5","","","",""
"2023/10/06 6:29:42 em EEST","62826187ebe3120bdbfb60a1","Lesbian ","I was confused in the end as it seemed like many of the values were the same so the testimonials about switching from one to another didn't make sense.","4","3","3","4","3","2","3","","","",""
"2023/10/06 6:30:34 em EEST","58e558cc728bea0001bbda24","no","no","3","3","3","4","4","5","5","","","",""
"2023/10/06 6:33:45 em EEST","611112142433b5e95c84acd9","","No but the last section “did this person become wiser” did not allow me to finish the first time-just loaded for five minutes. I refreshed and redid those theee problems","2","3","3","4","3","3","3","","","",""
"2023/10/06 6:34:56 em EEST","61251fec7300233c5d9c5f3a","No","No I don't think so, maybe a typo","3","4","4","4","4","2","4","","","",""
"2023/10/06 6:35:36 em EEST","5c50b6dc172b6c000177a036","None","No","5","5","5","5","5","3","3","","","",""
"2023/10/06 6:35:40 em EEST","5d13e3e6e51708001a43fa66","no","no","4","3","3","4","4","4","4","","","",""
"2023/10/06 6:37:37 em EEST","60f5d5e358c70ad7a534bc50","trans man","No, I did not. I was not confused. I don't think I made mistakes.","3","4","4","5","3","2","3","","","",""
"2023/10/06 6:41:21 em EEST","64dd0d6827d312a7fe7e84bd","no","No, it was interesting and engaging.","5","5","4","5","4","3","5","","","",""
"2023/10/06 6:41:34 em EEST","5c0765e10ea1410001a9dc5f","No","No","3","5","4","5","4","4","5","","","",""
"2023/10/06 6:41:53 em EEST","63e52399159a69bf0ea848c6","no","no","2","4","4","4","4","4","3","","","",""
"2023/10/06 6:42:10 em EEST","64665dd13dc8331aad5a343f","","Everything went great ","5","5","5","5","5","5","5","","","",""
"2023/10/06 6:42:41 em EEST","6269b364ed457e6d3558be82","No","No","3","5","5","5","5","5","5","","","",""
"2023/10/06 6:45:47 em EEST","5dedec3919398a49e1133b0d","No","No","5","5","5","5","5","5","5","","","",""
"2023/10/06 6:47:43 em EEST","5b666901f7798c000182c01c","no","no","3","5","4","5","4","5","4","","","",""
"2023/10/06 6:52:21 em EEST","6152095d0b65b445c020dab6","N/A","I wasn't entirely clear as to the overall flow of the process, so I found myself getting a bit bogged down, motivation-wise. It feels to me as if someone new to this process would be better informed if they were given a concrete example before starting.","3","4","4","3","4","3","3","","","",""
"2023/10/06 6:54:08 em EEST","5c3a5a61fc2bdf00017714a2","no","Yes. I didn't like the summary of my ideas. It sounded like a lot of leaning on one's personal views (gut reaction, etc.) and not learning the difference between a good sourca and a bad one.","3","3","1","1","3","2","2","","","",""
"2023/10/06 6:54:43 em EEST","6102f4d20f4f27890d76a41b","","","5","5","5","5","4","5","5","","","",""
"2023/10/06 6:58:41 em EEST","58fd1e751178370001dd35bb","no","No, I did not loose motivation or become confused. Infact I wanted to add so much more . Fear of running out of time I did not. ","5","5","4","5","5","5","4","","","",""
"2023/10/06 7:02:44 em EEST","6376b9ede4f5ca90df04d617","No, I am a white, heterosexual male. ","No, I did not lose motivation. Nor was I confused. I did make 1 mistake when I hit the wrong button, but it had no bearing on the result. I just had to retype my entry. ","4","5","3","5","4","3","4","","","",""
"2023/10/06 7:03:19 em EEST","5f032c613963d04d69c9327b","No","Not really,but I was running out of time. ","4","4","4","5","5","4","5","","","",""
"2023/10/06 7:06:00 em EEST","5f4859d23306481f0f0dd2a5","Native American, native Hawaiian","Sometimes","4","3","4","4","4","5","3","","","",""
"2023/10/06 7:06:40 em EEST","6151f8d17451289b4a59a6a8","no","A little puzzled, but did my best to understand my role.","4","3","3","3","3","2","4","","","",""
"2023/10/06 9:47:14 em EEST","5d30790f326b0f0017a2a828","no minority status","No i did not lose motivation","5","4","4","5","5","5","5","","","",""
"2023/10/07 4:55:21 em EEST","65084cb6c3ef3213deafb378","no","","3","3","3","3","3","3","3","","","",""
"2023/10/08 2:58:54 em EEST","5bd8d7dc196e7000013cdc2e","No ty","","5","5","5","5","5","5","5","","","",""
"2023/10/08 3:09:42 em EEST","5a596a5ce0cf3d0001266b26","Black female ","No","4","4","5","5","5","5","5","","","",""
"2023/10/08 3:15:08 em EEST","5e1290abbbaeff8e8f6876a7","No","No","1","3","3","3","4","4","3","","","",""
"2023/10/08 3:25:08 em EEST","5f61702127665111ce84677b","No I do not. ","No I didn’t at all. It was extremely interesting and I’m honored to be a part of this process. ","5","5","5","5","3","3","5","","","",""
"2023/10/08 3:28:26 em EEST","611377497bdc630aedb0c1a7","Agnostic, Queer. ","","4","3","3","4","4","2","2","","","",""
"2023/10/08 3:41:13 em EEST","60b8d294c3007957fb5b9965","I do not","I did not. It was actually interesting and a different survey compared to alot of the others.","4","4","5","4","3","4","5","","","",""
"2023/10/08 3:42:44 em EEST","647a5b9502991785cd7a60a0","I was a single parent with a lot of external stress. Not sure if that counts","I don’t feel as if I was confused, made mistakes, or lost motivation.","4","5","4","5","4","5","5","","","",""
"2023/10/08 3:56:29 em EEST","614ea93d581d6f4281e9d232","single mother","no, I did not.","4","5","4","5","4","4","4","","","",""
"2023/10/09 11:58:50 fm EEST","5bc5356e65cfb8000154bd82","I am a Christian, and I also have a physical disability","I did not lose motivation, I was not confused, nor do I feel that I made any mistakes.","4","4","3","4","4","5","5","","","",""
"2023/10/09 12:23:05 em EEST","5ed885609d0c93397b6b50fd","","It was fun and easy, didn't have any problems. ","3","4","4","4","4","4","4","","","",""
"2023/10/09 12:25:47 em EEST","62b674f342eb19fc64ed0646","No","No","3","5","5","5","5","5","5","","","",""
"2023/10/09 12:32:29 em EEST","5ed7e3d68f29cf2bf4c1f901","no","no","4","3","4","4","4","2","2","","","",""
"2023/10/09 12:33:50 em EEST","63c06106314da889290931cd","I don't believe so.","It was longer than listed and I got tired by the end.","4","5","4","3","4","5","5","","","",""
"2023/10/09 12:41:19 em EEST","5d5830619d203c0001fab89c","LGBTQ+?","Nope. Understood loud and clear, and enjoyed this.","5","5","5","5","5","5","5","","","",""
"2023/10/09 12:46:41 em EEST","63fc721b7b73b5da09e9e8b6","","","4","3","3","3","3","4","3","","","",""
"2023/10/09 12:47:07 em EEST","63d4b666426ec120e0f567f9","No","No","5","5","5","5","5","5","5","","","",""
"2023/10/09 12:49:43 em EEST","5d909be93113b700156fcaeb","No","No","4","3","4","4","3","4","2","","","",""
"2023/10/09 12:59:28 em EEST","61239a2dfade59a247586dcf","No","No","5","5","5","5","5","5","5","","","",""
"2023/10/09 1:00:44 em EEST","650c35afef9d824f88426c36","No","The second half was a little confusing because of the wording and combining stories with ChatGPT strategies but then applying them to the person instead of ChatGPT.","4","4","5","5","5","3","3","","","",""
"2023/10/09 1:10:13 em EEST","62c97a70d02df972bdfc2718","none","none","2","2","3","4","3","2","3","","","",""
"2023/10/09 1:11:37 em EEST","651d9c3e3d6044b4b3127713","","no","4","3","4","5","5","5","5","","","",""
"2023/10/09 1:12:30 em EEST","63b7b5bf3dc8c6b0823fd80c","none","this was pretty simple","5","4","4","5","5","5","4","","","",""
"2023/10/09 1:13:25 em EEST","5cc7615f47a31a0001baec75","None","No motivation lost. Enjoyed the survey. Very clear instructions.","4","4","3","5","1","2","5","","","",""
"2023/10/09 1:16:33 em EEST","61086b9de4439b2d7d8d7028","","","3","1","3","5","3","3","2","","","",""
"2023/10/09 1:16:55 em EEST","651d9c3e3d6044b4b3127713","","no","4","4","4","5","5","5","5","","","",""
"2023/10/09 1:17:25 em EEST","56db4c217dcddf000bd5853c","Im a woman minority..","It was a little difficult because I felt like my answers weren't included. ","3","3","3","5","3","3","3","","","",""
"2023/10/09 1:17:57 em EEST","5850d667b64b9e00017cb722","no","no","3","3","4","4","4","4","4","","","",""
"2023/10/09 1:23:46 em EEST","5d30c1a3bb673e00016b0520","NO","No not at all.","5","4","4","4","5","4","4","","","",""
"2023/10/09 1:24:24 em EEST","60fd38ded9e5eea835eba383","No","No","4","2","2","4","3","3","4","","","",""
"2023/10/09 1:25:47 em EEST","62c7b44340785bc85ce9054a","Nope, I don't have any personal characteristics, identities, or statuses.","Nope","4","5","5","4","4","4","5","","","",""
"2023/10/09 1:26:18 em EEST","62694f79608ed29b7af936b1","no","not that i can see except maybe to many big words","4","4","4","4","4","3","4","","","",""
"2023/10/09 1:29:48 em EEST","5f2042752276432e3a7ef104","","","4","5","5","5","5","5","5","","","",""
"2023/10/09 1:32:01 em EEST","626aa30c05328c5519b86746","Female ","No ","3","4","5","5","5","5","5","","","",""
"2023/10/09 1:33:01 em EEST","5cb489ff0cd1ed0017465d19","none","I did not loose motivation and I was not confused.","4","5","3","4","4","4","5","","","",""
"2023/10/09 1:33:13 em EEST","61086b9de4439b2d7d8d7028","","It was kind of repetitive towards the end.","3","1","4","5","3","2","3","","","",""
"2023/10/09 1:34:25 em EEST","5c3c7913b4f22c0001a0809c","no","I think I answered fittingly","4","3","4","5","3","3","4","","","",""
"2023/10/09 1:34:48 em EEST","5e6d8c46f93a0c35d1f82335","no","nope","3","5","4","5","2","2","3","","","",""
"2023/10/09 1:35:11 em EEST","5f849ae1da640812e4ec057c","Yes, I am a woman","No","4","4","4","5","5","4","3","","","",""
"2023/10/09 1:35:19 em EEST","6147b57356da2c40473e3e06","None","Overall, it was good.","4","5","4","4","4","4","5","","","",""
"2023/10/09 1:36:58 em EEST","5dcf402982569a08ddd84086","woman ","I was not confused or demotivated. ","4","4","4","4","4","4","4","","","",""
"2023/10/09 1:37:51 em EEST","5a135875074b1900012527a9","Christian, woman","No I do not feel like I lost motivation or was overly confused.","3","4","3","5","4","4","4","","","",""
"2023/10/09 1:38:46 em EEST","5f467b0a0d1aef037515c8c9","no?","got confused at the start, was not expecting to talk WITH an AI","3","3","4","4","4","3","3","","","",""
"2023/10/09 1:42:12 em EEST","5de197e923a5111f4fda41de","no","yes","3","3","4","4","4","4","5","","","",""
"2023/10/09 1:42:31 em EEST","63d3f987619fb984bbfd9693","not at all","not at all","4","4","4","4","4","4","5","","","",""
"2023/10/09 1:47:05 em EEST","61513b7450fa098536531691","","","5","5","5","5","5","5","5","","","",""
"2023/10/09 1:47:47 em EEST","5bf19d37e657aa0001a2314a","","","4","3","3","3","4","3","4","","","",""
"2023/10/09 1:48:48 em EEST","5bdcd88176d6d50001bc3849","no","Struggled as the inquiry got more and more indepth.","4","3","3","4","3","3","4","","","",""
"2023/10/09 1:48:58 em EEST","63169589b2fd7dd8f24702ba","","","4","2","3","3","3","3","3","","","",""
"2023/10/09 1:49:47 em EEST","645baff202a9482deefafab3","no","I had a little trouble at the end making concise determinations about whether the person was wiser. ","4","4","5","5","4","5","4","","","",""
"2023/10/09 1:50:00 em EEST","5dd4074feab0423daf012f92","No","
no","3","5","5","5","5","5","5","","","",""
"2023/10/09 1:50:31 em EEST","610c940475aedaf9c70a190e","Jewish","no","4","2","2","5","5","3","5","","","",""
"2023/10/09 1:51:03 em EEST","63d53aba8df6735aa2f61e80","","Last 2, questions were a little difficult to decipher. ","4","4","4","4","4","4","4","","","",""
"2023/10/09 1:51:34 em EEST","5e7909d956b26e4aba9a460b","Hispanic","Not at all. ","4","5","5","5","3","4","4","","","",""
"2023/10/09 1:55:20 em EEST","6462ad7a6af483d279eefb98","no i did not have any isses like that,someone is always ahead or others","i was confused but i found my way around","5","4","4","4","4","4","4","","","",""
"2023/10/09 1:55:23 em EEST","63db74b49b4a80525a557a61","none","no","5","5","5","5","5","4","5","","","",""
"2023/10/09 1:55:32 em EEST","5f6b8930b9d9530b1b065360","NA","No","4","4","4","5","4","3","3","","","",""
"2023/10/09 1:56:06 em EEST","634656bd2603b4db42ae94e1","LGBT","I remained motivated throughout. I was not confused nor did I make mistakes.","5","5","5","5","5","5","5","","","",""
"2023/10/09 1:56:14 em EEST","5cb67a7ab73e8a001507fae5","No","No - everything went fine and it was a great learning experience","4","5","5","5","5","4","5","","","",""
"2023/10/09 1:57:21 em EEST","632651a9f1a00140dc2b9487","handicapped","I began to think the AI would never stop talking and asking me for more details. It was tiresome, especially since the topics available weren't very personally relevant and I had difficulty explaining my views at length.","1","2","1","3","2","4","3","","","",""
"2023/10/09 1:59:46 em EEST","61531a9bd8acf4e88e083892","African American ","No","5","5","5","5","5","5","5","","","",""
"2023/10/09 2:00:35 em EEST","5dbbfa90c486791b1bd03292","na","","3","3","3","3","4","4","4","","","",""
"2023/10/09 2:01:22 em EEST","58c1ce3c3783090001b49355","","","4","4","5","5","5","4","5","","","",""
"2023/10/09 2:02:49 em EEST","63d17f45aa9ba4a22c0e5b83","none","no ","5","4","3","4","5","5","5","","","",""
"2023/10/09 2:03:00 em EEST","5bb101078f3bd70001e51bfe","no","no","4","5","5","5","5","4","4","","","",""
"2023/10/09 2:06:06 em EEST","60b8ee3c30afdb493743872e","No","No","3","4","4","4","3","3","2","","","",""
"2023/10/09 2:06:06 em EEST","61338374ecef87bfdfd1c7bb61338374ecef87bfdfd1c7bb","","","3","3","4","4","2","3","3","","","",""
"2023/10/09 2:09:31 em EEST","62d50038465c17afbd56b7de","Disability ","no","4","4","4","5","4","4","4","","","",""
"2023/10/09 2:10:20 em EEST","614a2938ccbb6e48eb2dcbd1","No.","Not applicable. ","4","1","3","5","3","2","3","","","",""
"2023/10/09 2:10:32 em EEST","5a2adf6a8e00a000019864fb","","","3","2","3","3","2","2","3","","","",""
"2023/10/09 2:10:41 em EEST","5e5e623737be5e1762ad4418","No","Nothing like that happen","5","4","4","5","5","5","5","","","",""
"2023/10/09 2:10:45 em EEST","651867da917e66a428e7928b","No","I did not lose motivation during this process ","5","5","5","5","5","5","5","","","",""
"2023/10/09 2:11:24 em EEST","5c90094e71f3100016181ea9","N/A","No I was engaged the entire time. It was an interesting study.","5","5","5","5","5","5","5","","","",""
"2023/10/09 2:13:11 em EEST","61bb396b40db417c1a138e43","no","no","3","3","2","4","4","4","3","","","",""
"2023/10/09 2:14:16 em EEST","644c061ce861c17549323c00","None","Minor typo - dies instead of does.","4","3","1","4","3","4","3","","","",""
"2023/10/09 2:14:23 em EEST","646d3710dea5554a4b83d2a2","no i do not","no motivation was lost ,being confused yes but i had motivation","4","5","4","4","5","4","4","","","",""
"2023/10/09 2:16:16 em EEST","63c657d8e7734108a9b52587","No","No","4","4","3","4","4","5","5","","","",""
"2023/10/09 2:16:43 em EEST","60fdf4ec0eb3705b6d362018","","no","4","4","4","4","4","4","4","","","",""
"2023/10/09 2:17:14 em EEST","6108c5e8137828e1aec396da","No","I did not lose motivation, I was not confused, and I didn’t make any mistakes. ","3","4","4","4","3","4","5","","","",""
"2023/10/09 2:19:02 em EEST","5ff07b5ee7a1d23e719e421e","no","I hope I didn't make mistakes, but that is possible. ","4","4","5","5","5","5","5","","","",""
"2023/10/09 2:20:16 em EEST","5c3003e370d93a000122ca7c","No","No not really it was strait forward.","3","4","3","5","2","5","5","","","",""
"2023/10/09 2:20:29 em EEST","63d42387aba51e699ab9ce5c","no","no","4","3","4","5","5","5","5","","","",""
"2023/10/09 2:20:33 em EEST","611e687b8028e22946b055e7","It helped me to understand more.","I understand it all.","4","3","5","5","4","5","5","","","",""
"2023/10/09 2:21:47 em EEST","5ad13714a010190001b35d66","no","no","4","5","5","5","3","3","5","","","",""
"2023/10/09 2:23:58 em EEST","646792a49a85f35e7a7f5169","No","I did not lose motivation. I was not confused and don't feel I made any mistakes.","5","5","5","5","1","5","5","","","",""
"2023/10/09 2:24:09 em EEST","5b21c4ab31d0080001b9f55e","","","4","4","4","4","3","4","4","","","",""
"2023/10/09 2:26:06 em EEST","5e42fc295135b5000cd20d0b","no","no","4","3","3","4","3","4","3","","","",""
"2023/10/09 2:26:21 em EEST","641081a1261eb10752b72497","no","no","5","5","5","5","4","5","5","","","",""
"2023/10/09 2:26:56 em EEST","60171c9b1a726593103182b3","no","No, I tried my best to answer the questions","4","5","4","3","4","5","4","","","",""
"2023/10/09 2:29:45 em EEST","5ed3fdbdb6ee6f39f590e455","no","nothing was confusing it was fun.","5","5","5","5","4","5","5","","","",""
"2023/10/09 2:29:46 em EEST","60d099f849987e86824eedcd","no","it was actually fun to do.","5","5","5","5","4","5","5","","","",""
"2023/10/09 2:29:53 em EEST","5dcea7314d51e4107516c80d","No","I did feel hectored after a while. ","2","3","4","5","1","4","5","","","",""
"2023/10/09 2:29:57 em EEST","61283769a39dd638c256540c","Freemason","No","3","2","2","4","3","5","2","","","",""
"2023/10/09 2:31:35 em EEST","642ee1cb7e6da0f6158a6743","no","no","5","5","5","5","5","5","5","","","",""
"2023/10/09 2:33:22 em EEST","6174172f47b271984e0a31c6","","","3","3","3","3","3","3","3","","","",""
"2023/10/09 2:34:33 em EEST","63dd3dd2593c92be97d8dbde","No I don't think so?","No","4","2","1","5","3","1","1","","","",""
"2023/10/09 2:34:38 em EEST","646ff97937530e7cfc34ae2e","not at all","not at all","4","4","4","4","2","5","4","","","",""
"2023/10/09 2:36:46 em EEST","6287d1278f5285de4c237d50","None","None","3","4","5","5","4","4","4","","","",""
"2023/10/09 2:37:14 em EEST","581d38509b5b8800014d507e","","no","2","1","1","4","3","4","3","","","",""
"2023/10/09 2:38:44 em EEST","5a53d878acc75b000179e52e","","","1","1","2","4","4","3","3","","","",""
"2023/10/09 2:39:31 em EEST","63ce4a983479277bba4987c5","NO","NO","4","3","3","4","3","4","5","","","",""
"2023/10/09 2:40:13 em EEST","634740193026d2b89955a51a","No","No","4","5","4","5","5","5","5","","","",""
"2023/10/09 2:41:02 em EEST","651937ff907624469d5f00fe","","","3","4","4","3","3","3","3","","","",""
"2023/10/09 2:41:05 em EEST","6480bdf6d433e2e158870605","None","Hit enter by mistake too soon.  Had to clarify response","3","1","3","5","4","3","3","","","",""
"2023/10/09 2:41:37 em EEST","6111a8e5c22c39a1c92edb70","no","no","4","2","3","5","2","2","2","","","",""
"2023/10/09 2:42:09 em EEST","60d4b507ee84d6a030e62112","no","no","5","5","5","5","5","5","5","","","",""
"2023/10/09 2:44:22 em EEST","5d3899e31c8fb9001ca6183c","No","I stayed motivated throughout and don't believe I made any glaring mistakes or errors","2","2","1","3","2","1","2","","","",""
"2023/10/09 2:44:25 em EEST","62d133496cf7f774b8bf98a0","NA","NA","5","5","5","5","5","5","5","","","",""
"2023/10/09 2:44:36 em EEST","64da47d734bd712c3a8289d0","No","None","4","4","5","5","5","5","4","","","",""
"2023/10/09 2:44:47 em EEST","6275757da6d861932cb9beb4","none","I wasn't quite sure what was required to do ","3","3","2","4","4","4","4","","","",""
"2023/10/09 2:45:06 em EEST","61731c0ef27028acbfbbf972","none","none","5","5","5","5","5","5","5","","","",""
"2023/10/09 2:45:33 em EEST","5c6e3a445d427900014b360c","No","No","5","5","5","5","5","5","5","","","",""
"2023/10/09 2:46:22 em EEST","65075adb0ee2f5d45a41aca3","no","I had to think through a bit.","4","4","3","5","4","3","4","","","",""
"2023/10/09 2:46:37 em EEST","6228f5506248f4f80a39008a","no","no","4","4","4","5","5","5","5","","","",""
"2023/10/09 2:47:57 em EEST","5f117601aeef1d5095578b01","no","no","4","4","4","4","5","5","5","","","",""
"2023/10/09 2:48:12 em EEST","62d59a066ee263bb659aa445","No","I wasn't confused and I tried hard not to make mistakes.  I hope I didn't.","5","4","5","5","4","3","4","","","",""
"2023/10/09 2:48:44 em EEST","636570d91a49a6d6cbcbc854","I'm Black","No","5","5","5","5","5","5","5","","","",""
"2023/10/09 2:53:10 em EEST","631e3ba1714b8e7f8fe9338d","lower class","No, it was interesting and clear throughout.","3","2","3","4","1","2","3","","","",""
"2023/10/09 2:54:33 em EEST","6029b0e17f3b5d944ab183f1","","","5","5","5","5","5","5","5","","","",""
"2023/10/09 2:54:44 em EEST","5cbb45b34ab38b001577ab0b","","","1","3","3","5","2","2","2","","","",""
"2023/10/09 2:55:22 em EEST","63671bfc81a5eca4218b6417","Asian American","No. Seemed a bit long though. I wish I had used my laptop instead of my phone for this one. Otherwise, It was interesting and engaging.","4","4","4","5","4","3","4","","","",""
"2023/10/09 2:58:30 em EEST","58cbd23d5d42920001414dd8","I'm short and bi and have strawberry-blond hair and am shaped like a brick. That's gotta qualify me for something.","The chatting with Chat was tedious as it repeats itself.","3","3","2","4","3","3","3","","","",""
"2023/10/09 2:59:30 em EEST","55d0945934e9060005e57258","","","5","3","3","5","4","5","5","","","",""
"2023/10/09 2:59:31 em EEST","63a0f27fca07899904e593f1","no","no","4","4","4","4","4","4","5","","","",""
"2023/10/09 3:00:32 em EEST","63bf40687b33e43442effb9b","No","No I was very engaged throughout the process. ","5","5","5","5","5","5","5","","","",""
"2023/10/09 3:00:41 em EEST","650ee1c673c788d8cffca2d3","N/a","No","4","4","4","5","4","4","4","","","",""
"2023/10/09 3:03:16 em EEST","628f76b86068bc13224921ce","","No motivation loss or confusion. No mistakes","5","5","5","5","5","5","5","","","",""
"2023/10/09 3:03:21 em EEST","6234a7fc493d026318784c23","No","No","4","4","3","4","4","4","4","","","",""
"2023/10/09 3:04:04 em EEST","62d0880f5ba6d972d1bfc63c","No","No","4","4","5","5","5","5","5","","","",""
"2023/10/09 3:04:05 em EEST","5eb29a3db97d6b0008d24a1a","no","no","3","4","3","4","2","3","4","","","",""
"2023/10/09 3:05:05 em EEST","5bf53836ec7b5f000159f4b3","Yes","No I didn't lose motivation wasn't confused I did make a few typos like when I answered no but ment yes.","5","5","4","5","5","5","5","","","",""
"2023/10/09 3:06:25 em EEST","5f31371991595a5ebca006cb","No","No","4","3","3","5","5","4","4","","","",""
"2023/10/09 3:08:27 em EEST","61117e8d9c4878fdd4551e02","","No ","4","4","4","4","4","4","3","","","",""
"2023/10/09 3:09:02 em EEST","63e64959bf1cb4617fa269e5","None","I tried to stay focused and motivated","3","4","3","5","3","4","4","","","",""
"2023/10/09 3:10:22 em EEST","63bed6e176fba857a47fbaff","N/A","N/A","1","5","5","5","5","5","5","","","",""
"2023/10/09 3:12:20 em EEST","63852498bcb698988baa11c2","Nope","No","2","4","3","4","1","1","1","","","",""
"2023/10/09 3:13:06 em EEST","63c40b98533b26ec941005c3","no","no","4","5","4","4","5","5","3","","","",""
"2023/10/09 3:13:28 em EEST","5d8a64630ffb9c001746ca2c","None","A little. I had to really think and I found it emotionally taxing. I'm not an emotional person, so that makes it hard for me.","4","5","5","5","5","5","5","","","",""
"2023/10/09 3:13:35 em EEST","63de5e4eddb36904dec1d846","No","No, nothing happened. ","5","4","4","5","4","5","4","","","",""
"2023/10/09 3:14:04 em EEST","5fd0ef1dbfdf0801f669f642","No ","No","4","5","5","5","5","5","5","","","",""
"2023/10/09 3:15:48 em EEST","6478e9af7d038af16d294843","no","no","5","5","4","5","5","4","5","","","",""
"2023/10/09 3:17:13 em EEST","629e241d171ec6698e05f149","asian","no feedback","1","1","1","5","1","1","1","","","",""
"2023/10/09 3:18:14 em EEST","6116876a64aadf8649c181a8","none","none","4","4","5","5","3","4","5","","","",""
"2023/10/09 3:19:07 em EEST","638fdf87700dd1228bade2e1","no","no","5","5","5","5","5","5","5","","","",""
"2023/10/09 3:19:07 em EEST","65084b156c1877154b9c22b0","woman","No","5","4","5","5","4","4","4","","","",""
"2023/10/09 3:19:28 em EEST","62a099bb01ad779df1971ea4","No","No","5","5","5","5","5","5","5","","","",""
"2023/10/09 3:20:19 em EEST","64836981f87b85ab4b89dcf1","none","this was very straightforward.  ","4","2","2","4","3","4","4","","","",""
"2023/10/09 3:21:59 em EEST","5e2f5b28129198070e2996db","I am a white, Christian, elderly female, all of which qualify me for minority status.","I didn't lose motivation; I was encouraged to reflect upon my own values.  A most rewarding experience.","5","5","3","5","5","5","5","","","",""
"2023/10/09 3:22:54 em EEST","62c31fe0e178fc305009b718","No","No","5","5","4","5","5","4","5","","","",""
"2023/10/09 3:22:55 em EEST","5dc9a379d210e46baff956fb","I’m a person of color","No, it was fascinating to see how AI works.","5","4","4","5","4","5","4","","","",""
"2023/10/09 3:26:19 em EEST","628f700669d5f6e4e33c8d8e","no","no","5","5","4","4","5","4","4","","","",""
"2023/10/09 3:26:29 em EEST","5ac68ddbe734400001da4729","no","","4","4","4","4","4","4","4","","","",""
"2023/10/09 3:28:44 em EEST","61282ca83be28773ac7c421f","N/A","NONE","4","4","4","4","4","4","5","","","",""
"2023/10/09 3:28:54 em EEST","5e94fc39cc318836529fd876","no","No, everything was find. ","4","4","3","5","3","2","1","","","",""
"2023/10/09 3:29:02 em EEST","64d51bcdead49bdcdb2ddc37","none","It is good that ChatGPT  can cover everything in processes","4","5","5","5","5","4","5","","","",""
"2023/10/09 3:30:13 em EEST","63ede400ea283f02067dadad","","","5","5","5","5","5","5","5","","","",""
"2023/10/09 3:31:07 em EEST","5dceca2541afe801a32e27ac","No","I did not lose motivation but don't think I made mistakes in writing what I honestly feel.","4","4","3","5","5","5","5","","","",""
"2023/10/09 3:32:11 em EEST","5ed1adc2906e0810d6ccccbf","","","5","4","4","3","3","5","4","","","",""
"2023/10/09 3:33:21 em EEST","646f8a859c69c3cb1d5f08c8","no ","","5","5","4","4","4","4","4","","","",""
"2023/10/09 3:33:29 em EEST","646fea6f93d07b0354140441","none","no","4","4","4","3","4","3","4","","","",""
"2023/10/09 3:35:14 em EEST","62ec6694c12a233950f64486","No.","No.","4","5","5","4","5","4","4","","","",""
"2023/10/09 3:37:22 em EEST","63cac85f8519383ef0422593","Hispanic","None","5","4","3","5","4","4","4","","","",""
"2023/10/09 3:37:46 em EEST","63ea4301f63c1d26f0ff83e9","NO","NO","3","2","5","4","5","4","3","","","",""
"2023/10/09 3:38:06 em EEST","5eced9328405902eef967571","No","No","4","4","4","4","4","3","3","","","",""
"2023/10/09 3:38:40 em EEST","636578c6aa1228f8b15ee701","no","no","3","4","4","4","3","5","4","","","",""
"2023/10/09 3:39:04 em EEST","60fcf2039a5cdfcc26e4d063","No","No","4","3","3","4","4","2","4","","","",""
"2023/10/09 3:40:11 em EEST","5b86dea0600e3a000194c372","No","No","3","2","4","4","3","3","5","","","",""
"2023/10/09 3:42:52 em EEST","64a20e18b0f91aac5ea9a538","no","no","3","2","1","5","3","2","1","","","",""
"2023/10/09 3:42:57 em EEST","63bc819194ca25a555eb8fb5","No","No","5","4","5","5","5","5","5","","","",""
"2023/10/09 3:47:00 em EEST","5d6d26703fb106001bed4b6c","no","no","5","4","5","5","5","5","5","","","",""
"2023/10/09 3:47:03 em EEST","6291861f8937c6bd60637cf8","no","none","3","2","2","4","1","2","2","","","",""
"2023/10/09 3:47:50 em EEST","609a5974625e18ab158c9a3e","No","No","5","4","5","5","5","4","5","","","",""
"2023/10/09 3:49:09 em EEST","599ec7dc617ca80001fcd124","No","No","3","4","3","3","4","4","4","","","",""
"2023/10/09 3:49:10 em EEST","60f99f9d7acea24790f070b9","Yes, biracial and Muslim.","No, the process was very engaging and I enjoyed it.","5","5","5","5","4","5","5","","","",""
"2023/10/09 3:50:21 em EEST","5de7d10810088f749c347bb6","no","It was very interesting! I stayed motivated, and got more so, as I went through it.","4","4","4","5","5","5","5","","","",""
"2023/10/09 3:50:43 em EEST","5e84f020507cd30b367b2624","no","no; very engaging","5","2","3","5","4","3","2","","","",""
"2023/10/09 3:50:47 em EEST","5f90a9b6980885196a0d084d","None","Nope","3","4","4","5","3","4","4","","","",""
"2023/10/09 3:52:13 em EEST","5c804f4092ad770015846011","none","no","4","3","4","4","4","4","4","","","",""
"2023/10/09 3:53:29 em EEST","650c44b10e47f5fae836bb0a","Nope","No! I really liked this, I wish I could do more!","5","4","5","5","5","5","5","","","",""
"2023/10/09 3:55:07 em EEST","62dc177e02f82aabb20aebc2","no","Being asked to contribute from a Christian perspective was very unusual. I am very accustomed to answering survey questions that oppose my Christian values, so answering questions that assume my Christian beliefs have value was so unusual it was a little confusing.","4","3","3","5","3","3","3","","","",""
"2023/10/09 3:55:18 em EEST","62fbeca46caf4abaaf74b5f1","none","I was not confused.","4","4","3","4","3","4","4","","","",""
"2023/10/09 3:56:07 em EEST","63f2261685a2effaa7a16de6","No","No, all was fine.","5","3","3","5","5","5","5","","","",""
"2023/10/09 3:56:27 em EEST","6406300d0af7758269c8dc0b","","Everything was engaging and simple.","5","5","5","5","5","5","5","","","",""
"2023/10/09 3:56:39 em EEST","5e0b388b15ef4037cebdecc9","none","no","2","1","3","2","1","1","3","","","",""
"2023/10/09 3:57:18 em EEST","59e7477e3e4b5a00016aa4d2","No","I found it very engaging","5","3","3","5","3","3","5","","","",""
"2023/10/09 3:57:31 em EEST","628bb31571a8935ee2dbd6f9","none","I felt comfortable all the way thru and pondered my answers.","4","5","5","5","5","4","4","","","",""
"2023/10/09 3:58:17 em EEST","6441a0b968ccfb017694a842","Filipino","N/A","4","4","4","4","4","4","3","","","",""
"2023/10/09 3:59:14 em EEST","6483b3662d98a34fa389dcd7","no","I did losse a little motivation, but I wanted to know the outcome. I did not have any problemsand I made mistakes with spelling only but you guys knew what I was saying. I was not confused","5","5","5","5","5","5","5","","","",""
"2023/10/09 3:59:30 em EEST","62bd1d1283b326cde10cf27a","no","no","5","4","4","4","4","5","4","","","",""
"2023/10/09 4:00:13 em EEST","631c8e97db06f601f81bd82f","n/a","no! That was very straight forward and enjoyable","5","5","5","5","5","5","5","","","",""
"2023/10/09 4:02:43 em EEST","5ba4057af0741400010637b9","No","No","4","4","4","5","5","3","5","","","",""
"2023/10/09 4:05:09 em EEST","6287a8c4a6303ff156cd0853","No","No","4","4","4","5","3","3","4","","","",""
"2023/10/09 4:07:45 em EEST","6267c3d17f88988d0d787c7f","no","no","5","5","5","5","5","5","5","","","",""
"2023/10/09 4:08:54 em EEST","6068bf5914131f3a1a80a413","Senior (older adult)","No it was an interesting interative process.","4","5","4","5","4","4","4","","","",""
"2023/10/09 4:09:29 em EEST","647c65c5acb91c89819c7970","NA","No I thought the study was comprehensive and intuitive","5","5","5","5","5","5","5","","","",""
"2023/10/09 4:10:15 em EEST","5e6fd3293c76d25a3ca8b384","None","None","5","5","5","5","4","5","5","","","",""
"2023/10/09 4:10:32 em EEST","5615777c7ffc8a000a811c61","no","way too much writing for the pay","4","3","3","5","4","2","4","","","",""
"2023/10/09 4:12:41 em EEST","650ef0204f00d6640e5b781f","","","4","4","4","3","2","2","4","","","",""
"2023/10/09 4:13:02 em EEST","63e2edc0b1d33c48c3246626","No","No","4","5","5","5","5","5","5","","","",""
"2023/10/09 4:15:11 em EEST","5cd6c1197b871a0001b13589","","","5","5","5","5","5","5","5","","","",""
"2023/10/09 4:15:44 em EEST","639dd20ab47fd76a4fd9c2c0","No","No","3","3","3","3","3","4","4","","","",""
"2023/10/09 4:16:19 em EEST","61254fba095b9df425e816ea","No.","No.","5","5","5","5","5","5","5","","","",""
"2023/10/09 4:17:05 em EEST","6488e429e530a1949174c9f4","No","No","3","2","3","3","4","4","4","","","",""
"2023/10/09 4:21:14 em EEST","64542858c348ef24892679d6","ChatGPT accuracy","No","5","5","5","5","5","5","5","","","",""
"2023/10/09 4:25:05 em EEST","6455616c0fe23ecca70ce1b9","none","No. It was very interesting.","4","5","5","5","5","5","5","","","",""
"2023/10/09 4:25:20 em EEST","641feb2494b8a1eb706ab8a5","no","no","5","5","5","5","5","5","5","","","",""
"2023/10/09 4:25:32 em EEST","57aa96584cda6e0001842142","No","I was a little long, but I kept focus. ","3","2","2","5","3","4","4","","","",""
"2023/10/09 4:26:36 em EEST","63cc6a2091c2880e8db23328","","no i didnt ","4","4","4","5","5","5","4","","","",""
"2023/10/09 4:26:49 em EEST","5b1c01884c72120001f20193","","No. No. No.","5","5","5","5","5","5","5","","","",""
"2023/10/09 4:26:54 em EEST","641359b5040c453203e2c088","No","No","3","2","3","3","4","3","2","","","",""
"2023/10/09 4:27:23 em EEST","5a0efb83ab721b0001ef8509","no","it took longer than expected","2","1","1","5","1","1","1","","","",""
"2023/10/09 4:29:35 em EEST","6503144f9a10397111eb3eb9","No","A bit, but when I could see more detail on the topic, then it reenergized me.","5","4","4","4","5","4","4","","","",""
"2023/10/09 4:29:51 em EEST","5b233660648d5b0001b7de87","none","no","3","3","4","4","4","3","5","","","",""
"2023/10/09 4:34:51 em EEST","62950797c66ad6f3715bb6e6","no","no, it seemed long though","3","4","4","5","5","3","5","","","",""
"2023/10/09 4:36:02 em EEST","63235c5bf70d8e4f79b205cd","Asian demographic, lower middle class income. ","","5","5","5","5","5","3","5","","","",""
"2023/10/09 4:36:59 em EEST","612c16910ea0892331f4d7c1","woman","no","5","4","3","3","4","4","4","","","",""
"2023/10/09 4:42:09 em EEST","62fd0bc538d70b87550691f7","None that i can think of at the moment. ","I had enough motivation and remained focused. ","5","5","5","5","5","5","5","","","",""
"2023/10/09 4:44:49 em EEST","637b04a69794763b20491590","Is a Buddhist a minority?","Not at all. It was an adventure.","5","4","4","5","5","5","5","","","",""
"2023/10/09 4:54:37 em EEST","63d461113c2fbc554ca3816c","No","No","3","2","3","4","4","3","4","","","",""
"2023/10/09 5:02:57 em EEST","63f3e75e0787bb42195e1e4c","","I did not lose motivation","5","3","3","4","3","4","5","","","",""
"2023/10/09 5:04:39 em EEST","6335fd309608ba9c606477fc","I'm a female, Catholic, single mother. ","The test is a bit wordy and has a lot of data, but it's well constructed. It felt like I was participating with a dictionary. ","3","5","5","5","1","1","1","","","",""
"2023/10/09 5:05:05 em EEST","63378180a7bc5bc3427e8db0","None","No, very interesting and thoughtful ","5","4","4","5","5","5","5","","","",""
"2023/10/09 5:16:46 em EEST","60d898acd59f2f601e12bc39","n/a","Some of them I felt it was hard to explain what I was trying to get out.","5","5","5","5","5","5","5","","","",""
"2023/10/09 5:20:47 em EEST","5ed559e5afbd830e2117ed55","Atheist","No to all.","4","2","4","5","5","4","2","","","",""
"2023/10/09 5:21:27 em EEST","645179915e31c1aeb3dc8129","no","no","4","4","4","5","4","4","4","","","",""
"2023/10/09 5:39:32 em EEST","55900dcffdf99b3f7aada3f5","","No, but the survey required a lot of thought, which I enjoy, but it took much longer than expected. ","4","4","3","5","4","4","4","","","",""
"2023/10/09 6:01:10 em EEST","63cbd5095083beef0c8b1a7a","no","no","3","4","4","4","3","3","3","","","",""
"2023/10/09 6:27:56 em EEST","63d591da4548249893329bc1","I'm biracial black & white and a female.","I did not lose motivation during the process because I felt that my opinions were valued. I wasn't confused, and I didn't make mistakes.","5","5","4","5","5","5","5","","","",""
"2023/10/09 7:25:15 em EEST","6100158db3080c7b157e85f1","No","No","4","1","2","4","4","2","2","","","",""
"2023/10/09 8:19:36 em EEST","650f1e26c33ec6cd72b684d4","","","3","4","4","3","4","4","4","","","",""
"2023/10/09 11:21:51 em EEST","5dd0749782569a156ed4f658","No","No","4","4","4","4","4","4","4","","","",""
"2023/10/09 11:24:34 em EEST","5d43b2ec71d6970016f668b2","no","no","4","3","4","4","4","4","4","","","",""
"2023/10/09 11:36:22 em EEST","651eddf686fe8b23a00aaade","","","3","4","4","4","3","4","4","","","",""
"2023/10/09 11:36:30 em EEST","5eda9438ff2fef6c2b40d1b9","No","No","5","4","4","4","4","3","5","","","",""
"2023/10/09 11:40:13 em EEST","634862ac6d066ec8872e4406","None","No","4","4","4","5","4","5","5","","","",""
"2023/10/09 11:42:32 em EEST","5e0571b7e297d5fa932cf415","No","A little. I thought that the chat went on a little too long.","4","3","4","5","2","3","4","","","",""
"2023/10/09 11:54:26 em EEST","5d9eb6d611b7c400172aa975","no","no","4","4","5","5","4","4","5","","","",""
"2023/10/09 11:55:42 em EEST","60f5d68c9b6838e7659f53af","","The process was clear throughout, and I enjoyed the experience.","5","4","3","4","3","5","4","","","",""
"2023/10/09 11:57:17 em EEST","6400eaacb040af23b394eb99","N/A","No, I’m happy to help improve ChatGPT","4","4","4","4","3","3","4","","","",""
"2023/10/09 11:57:56 em EEST","6081a9318fee7d4e4e01ffdf","","","5","3","3","4","4","5","3","","","",""
"2023/10/10 12:00:38 fm EEST","62d488043c7590e53ee7683f","Asian-American","No","4","4","4","4","5","4","5","","","",""
"2023/10/10 12:07:12 fm EEST","63ead665638c8546d8c3a962","I am a bisexual cis woman","No","4","4","4","5","3","5","5","","","",""
"2023/10/10 12:08:25 fm EEST","60b63b1f1d8a6fc4d72d5328","no","no","5","4","5","5","5","5","5","","","",""
"2023/10/10 12:09:52 fm EEST","5d314336c01c5f00171f3cb2","African American","No I did not","4","4","4","5","3","4","4","","","",""
"2023/10/10 12:10:22 fm EEST","60fd462512ad2ae6071668f3","Female","N/A","4","5","5","5","4","5","5","","","",""
"2023/10/10 12:11:38 fm EEST","60ff4c6536890252c799b3f9","","","4","3","4","5","5","3","5","","","",""
"2023/10/10 12:13:24 fm EEST","6505cc61e810b89a2ccee28b","No","No","5","5","4","5","5","5","5","","","",""
"2023/10/10 12:15:08 fm EEST","5e6de0ab9e71d4392921839b","None","I was confused by first question but most eveything else flowed good","4","3","3","5","4","4","5","","","",""
"2023/10/10 12:17:04 fm EEST","6400eea126c44543bb49dc75","No ","No all went well","4","3","3","5","5","4","4","","","",""
"2023/10/10 12:20:11 fm EEST","5e5fe64a8278d103d35cac54","Straight, white","Nope","2","1","1","2","2","1","1","","","",""
"2023/10/10 12:20:44 fm EEST","60f722b3a83e22a28e18860e","No","I took a few minutes to figure out the wisdom section but did catch on to what was being asked. ","5","5","5","5","5","5","5","","","",""
"2023/10/10 12:26:58 fm EEST","5f5128c3aa1c4e30e4506d2c","no","I continued as clearly and honestly as I could.","4","3","4","5","3","3","2","","","",""
"2023/10/10 12:30:16 fm EEST","646f77d9a7d75c8264dba865","No","Nno","4","2","3","5","3","2","4","","","",""
"2023/10/10 12:31:38 fm EEST","59d6b8f103203500011ace12","No","No problems","5","4","5","5","5","4","4","","","",""
"2023/10/10 12:47:24 fm EEST","610b149105c2d43340aaab56","No","No","4","3","5","5","4","5","4","","","",""
"2023/10/10 12:52:57 fm EEST","5e64a02eb7d70b20f250b129","None","Not at all. I followed instructions, payed close attention to questions, and stayed motivated throughout study. ","4","4","4","5","5","5","5","","","",""
"2023/10/10 1:00:52 fm EEST","647660ef7bc13de7eaf0c76e","none","I paid more attention","4","3","3","4","4","3","4","","","",""
"2023/10/10 1:03:55 fm EEST","59e62b6277860e0001512e14","I'm a Hispanic immigrant.","No.","4","5","4","4","4","5","5","","","",""
"2023/10/10 1:10:14 fm EEST","5a5e94a7eedc32000142cd08","Gay","No I think I did a pretty good job overall","5","5","5","5","5","4","4","","","",""
"2023/10/10 1:14:37 fm EEST","627e71af3701230cdc757652","Native","n/a","3","5","3","3","1","3","4","","","",""
"2023/10/10 1:54:54 fm EEST","63cd7b78fff71624a85b294f","NA","NO","4","5","4","4","5","4","5","","","",""
"2023/10/10 2:13:18 fm EEST","6365437b0637981c7666125b","N/A","N/A","5","4","4","5","5","4","5","","","",""