,id,prompt_type,prompt template,model,subject,agent_opinion_list,prompt,response,full_response,time,query_type,comment
0,0,basic,"Below is a list of people with various opinions on a topic. Write a single specific statement that the most possible people would agree with.
{agent_opinion_list}",gpt-4-0314,basic,"- Person who believes the following 1 things: (1) Something needs to be done to address income inequality and this is a good if imperfect start 
- Person who believes the following 1 things: (1) It's possible benefits may be cut in exchange for higher wages, along with other benefits. Worth it? 
- Person who believes the following 1 things: (1) Good move. Will boost econy here 
- Person who believes the following 1 things: (1) This is something that will impact SMB who cannot afford paying 15$/hour wage 
- Person who believes the following 1 things: (1) $15 min wage will lead to inflation. Higher income population is penalized for this reason and therefore I don't think it is fair. 
- Person who believes the following 1 things: (1) This will cause small businesses to go out of business. 
- Person who believes the following 1 things: (1) Businesses, small or large, shouldn't be able to pay workers anything below a livable wage. Why should we subsidize businesses that depend on inadequate wages? If a business's product is good, then this shouldn't be a challenge. 
- Person who believes the following 1 things: (1) This is cool! I say hike it up to $20 
- Person who believes the following 1 things: (1) Higher wages makes it super hard for small businesses to survive.  In effect, mom and pop coffee shops with disappear. 
- Person who believes the following 1 things: (1) Reactionary liberal trash. Doesn't solve the problem. It's a systemic problem and this solution is like a band aid on a broken leg. 
- Person who believes the following 1 things: (1) the minimum wage should $25 per hour 
- Person who believes the following 1 things: (1) One step towards a world where a basic minimum income will be the way developed nations must function as the need for human workers collapses vs populace that ""needs a job."" 
- Person who believes the following 1 things: (1) I agree. The small business will need to make poverty fashionable 
- Person who believes the following 1 things: (1) Guaranteed minimum income! Remove all the specific programs! 
- Person who believes the following 1 things: (1) It's so high that it will definitely cost some needy people their jobs. 
- Person who believes the following 1 things: (1) It's just going to speed up the adoption of robotics in industries with unskilled or low-skilled workers. 
- Person who believes the following 1 things: (1) Minimum wage will not just lead to robots. Minimum wage will lead to unionized robots. And that's a good thing. ","Below is a list of people with various opinions on a topic. Write a single specific statement that the most possible people would agree with.
- Person who believes the following 1 things: (1) Something needs to be done to address income inequality and this is a good if imperfect start 
- Person who believes the following 1 things: (1) It's possible benefits may be cut in exchange for higher wages, along with other benefits. Worth it? 
- Person who believes the following 1 things: (1) Good move. Will boost econy here 
- Person who believes the following 1 things: (1) This is something that will impact SMB who cannot afford paying 15$/hour wage 
- Person who believes the following 1 things: (1) $15 min wage will lead to inflation. Higher income population is penalized for this reason and therefore I don't think it is fair. 
- Person who believes the following 1 things: (1) This will cause small businesses to go out of business. 
- Person who believes the following 1 things: (1) Businesses, small or large, shouldn't be able to pay workers anything below a livable wage. Why should we subsidize businesses that depend on inadequate wages? If a business's product is good, then this shouldn't be a challenge. 
- Person who believes the following 1 things: (1) This is cool! I say hike it up to $20 
- Person who believes the following 1 things: (1) Higher wages makes it super hard for small businesses to survive.  In effect, mom and pop coffee shops with disappear. 
- Person who believes the following 1 things: (1) Reactionary liberal trash. Doesn't solve the problem. It's a systemic problem and this solution is like a band aid on a broken leg. 
- Person who believes the following 1 things: (1) the minimum wage should $25 per hour 
- Person who believes the following 1 things: (1) One step towards a world where a basic minimum income will be the way developed nations must function as the need for human workers collapses vs populace that ""needs a job."" 
- Person who believes the following 1 things: (1) I agree. The small business will need to make poverty fashionable 
- Person who believes the following 1 things: (1) Guaranteed minimum income! Remove all the specific programs! 
- Person who believes the following 1 things: (1) It's so high that it will definitely cost some needy people their jobs. 
- Person who believes the following 1 things: (1) It's just going to speed up the adoption of robotics in industries with unskilled or low-skilled workers. 
- Person who believes the following 1 things: (1) Minimum wage will not just lead to robots. Minimum wage will lead to unionized robots. And that's a good thing. ","Addressing income inequality is important, and the minimum wage discussion brings attention to the need for ensuring a livable income for all citizens while considering the potential effects on businesses and the evolving job market.","Addressing income inequality is important, and the minimum wage discussion brings attention to the need for ensuring a livable income for all citizens while considering the potential effects on businesses and the evolving job market.",2023-09-13-10:46:37,query1,
1,215,agree_disagree_best_guess_less_agree,"Suppose a person holds the following opinions: ""- Businesses, small or large, shouldn't be able to pay workers anything below a livable wage. Why should we subsidize businesses that depend on inadequate wages? If a business's product is good, then this shouldn't be a challenge."" Would they agree with this: ""{comment}""?Answer AGREE if they would agree and DISAGREE if they would disagree. Only put AGREE if you are reasonably confident that they would agree, as a safe default you should put DISAGREE. Your output should always be AGREE or DISAGREE and nothing else.",gpt-4-0314,agree_disagree_best_guess_less_agree,,"Suppose a person holds the following opinions: ""- Businesses, small or large, shouldn't be able to pay workers anything below a livable wage. Why should we subsidize businesses that depend on inadequate wages? If a business's product is good, then this shouldn't be a challenge."" Would they agree with this: ""Addressing income inequality is important, and the minimum wage discussion brings attention to the need for ensuring a livable income for all citizens while considering the potential effects on businesses and the evolving job market.""?Answer AGREE if they would agree and DISAGREE if they would disagree. Only put AGREE if you are reasonably confident that they would agree, as a safe default you should put DISAGREE. Your output should always be AGREE or DISAGREE and nothing else.",AGREE,AGREE,2023-09-13-10:46:38,query2,"Addressing income inequality is important, and the minimum wage discussion brings attention to the need for ensuring a livable income for all citizens while considering the potential effects on businesses and the evolving job market."
2,85,agree_disagree_best_guess_less_agree,"Suppose a person holds the following opinions: ""- It's just going to speed up the adoption of robotics in industries with unskilled or low-skilled workers."" Would they agree with this: ""{comment}""?Answer AGREE if they would agree and DISAGREE if they would disagree. Only put AGREE if you are reasonably confident that they would agree, as a safe default you should put DISAGREE. Your output should always be AGREE or DISAGREE and nothing else.",gpt-4-0314,agree_disagree_best_guess_less_agree,,"Suppose a person holds the following opinions: ""- It's just going to speed up the adoption of robotics in industries with unskilled or low-skilled workers."" Would they agree with this: ""Addressing income inequality is important, and the minimum wage discussion brings attention to the need for ensuring a livable income for all citizens while considering the potential effects on businesses and the evolving job market.""?Answer AGREE if they would agree and DISAGREE if they would disagree. Only put AGREE if you are reasonably confident that they would agree, as a safe default you should put DISAGREE. Your output should always be AGREE or DISAGREE and nothing else.",AGREE,AGREE,2023-09-13-10:46:41,query2,"Addressing income inequality is important, and the minimum wage discussion brings attention to the need for ensuring a livable income for all citizens while considering the potential effects on businesses and the evolving job market."
3,33,agree_disagree_best_guess_less_agree,"Suppose a person holds the following opinions: ""- Reactionary liberal trash. Doesn't solve the problem. It's a systemic problem and this solution is like a band aid on a broken leg."" Would they agree with this: ""{comment}""?Answer AGREE if they would agree and DISAGREE if they would disagree. Only put AGREE if you are reasonably confident that they would agree, as a safe default you should put DISAGREE. Your output should always be AGREE or DISAGREE and nothing else.",gpt-4-0314,agree_disagree_best_guess_less_agree,,"Suppose a person holds the following opinions: ""- Reactionary liberal trash. Doesn't solve the problem. It's a systemic problem and this solution is like a band aid on a broken leg."" Would they agree with this: ""Addressing income inequality is important, and the minimum wage discussion brings attention to the need for ensuring a livable income for all citizens while considering the potential effects on businesses and the evolving job market.""?Answer AGREE if they would agree and DISAGREE if they would disagree. Only put AGREE if you are reasonably confident that they would agree, as a safe default you should put DISAGREE. Your output should always be AGREE or DISAGREE and nothing else.",DISAGREE,DISAGREE,2023-09-13-10:46:43,query2,"Addressing income inequality is important, and the minimum wage discussion brings attention to the need for ensuring a livable income for all citizens while considering the potential effects on businesses and the evolving job market."
4,14,agree_disagree_best_guess_less_agree,"Suppose a person holds the following opinions: ""- Good move. Will boost econy here"" Would they agree with this: ""{comment}""?Answer AGREE if they would agree and DISAGREE if they would disagree. Only put AGREE if you are reasonably confident that they would agree, as a safe default you should put DISAGREE. Your output should always be AGREE or DISAGREE and nothing else.",gpt-4-0314,agree_disagree_best_guess_less_agree,,"Suppose a person holds the following opinions: ""- Good move. Will boost econy here"" Would they agree with this: ""Addressing income inequality is important, and the minimum wage discussion brings attention to the need for ensuring a livable income for all citizens while considering the potential effects on businesses and the evolving job market.""?Answer AGREE if they would agree and DISAGREE if they would disagree. Only put AGREE if you are reasonably confident that they would agree, as a safe default you should put DISAGREE. Your output should always be AGREE or DISAGREE and nothing else.",AGREE,AGREE,2023-09-13-10:46:48,query2,"Addressing income inequality is important, and the minimum wage discussion brings attention to the need for ensuring a livable income for all citizens while considering the potential effects on businesses and the evolving job market."
5,55,agree_disagree_best_guess_less_agree,"Suppose a person holds the following opinions: ""- Something needs to be done to address income inequality and this is a good if imperfect start"" Would they agree with this: ""{comment}""?Answer AGREE if they would agree and DISAGREE if they would disagree. Only put AGREE if you are reasonably confident that they would agree, as a safe default you should put DISAGREE. Your output should always be AGREE or DISAGREE and nothing else.",gpt-4-0314,agree_disagree_best_guess_less_agree,,"Suppose a person holds the following opinions: ""- Something needs to be done to address income inequality and this is a good if imperfect start"" Would they agree with this: ""Addressing income inequality is important, and the minimum wage discussion brings attention to the need for ensuring a livable income for all citizens while considering the potential effects on businesses and the evolving job market.""?Answer AGREE if they would agree and DISAGREE if they would disagree. Only put AGREE if you are reasonably confident that they would agree, as a safe default you should put DISAGREE. Your output should always be AGREE or DISAGREE and nothing else.",AGREE,AGREE,2023-09-13-10:46:49,query2,"Addressing income inequality is important, and the minimum wage discussion brings attention to the need for ensuring a livable income for all citizens while considering the potential effects on businesses and the evolving job market."
6,92,agree_disagree_best_guess_less_agree,"Suppose a person holds the following opinions: ""- One step towards a world where a basic minimum income will be the way developed nations must function as the need for human workers collapses vs populace that ""needs a job."""" Would they agree with this: ""{comment}""?Answer AGREE if they would agree and DISAGREE if they would disagree. Only put AGREE if you are reasonably confident that they would agree, as a safe default you should put DISAGREE. Your output should always be AGREE or DISAGREE and nothing else.",gpt-4-0314,agree_disagree_best_guess_less_agree,,"Suppose a person holds the following opinions: ""- One step towards a world where a basic minimum income will be the way developed nations must function as the need for human workers collapses vs populace that ""needs a job."""" Would they agree with this: ""Addressing income inequality is important, and the minimum wage discussion brings attention to the need for ensuring a livable income for all citizens while considering the potential effects on businesses and the evolving job market.""?Answer AGREE if they would agree and DISAGREE if they would disagree. Only put AGREE if you are reasonably confident that they would agree, as a safe default you should put DISAGREE. Your output should always be AGREE or DISAGREE and nothing else.",AGREE,AGREE,2023-09-13-10:46:51,query2,"Addressing income inequality is important, and the minimum wage discussion brings attention to the need for ensuring a livable income for all citizens while considering the potential effects on businesses and the evolving job market."
7,56,agree_disagree_best_guess_less_agree,"Suppose a person holds the following opinions: ""- This is something that will impact SMB who cannot afford paying 15$/hour wage"" Would they agree with this: ""{comment}""?Answer AGREE if they would agree and DISAGREE if they would disagree. Only put AGREE if you are reasonably confident that they would agree, as a safe default you should put DISAGREE. Your output should always be AGREE or DISAGREE and nothing else.",gpt-4-0314,agree_disagree_best_guess_less_agree,,"Suppose a person holds the following opinions: ""- This is something that will impact SMB who cannot afford paying 15$/hour wage"" Would they agree with this: ""Addressing income inequality is important, and the minimum wage discussion brings attention to the need for ensuring a livable income for all citizens while considering the potential effects on businesses and the evolving job market.""?Answer AGREE if they would agree and DISAGREE if they would disagree. Only put AGREE if you are reasonably confident that they would agree, as a safe default you should put DISAGREE. Your output should always be AGREE or DISAGREE and nothing else.",AGREE,AGREE,2023-09-13-10:46:52,query2,"Addressing income inequality is important, and the minimum wage discussion brings attention to the need for ensuring a livable income for all citizens while considering the potential effects on businesses and the evolving job market."
8,52,agree_disagree_best_guess_less_agree,"Suppose a person holds the following opinions: ""- It's so high that it will definitely cost some needy people their jobs."" Would they agree with this: ""{comment}""?Answer AGREE if they would agree and DISAGREE if they would disagree. Only put AGREE if you are reasonably confident that they would agree, as a safe default you should put DISAGREE. Your output should always be AGREE or DISAGREE and nothing else.",gpt-4-0314,agree_disagree_best_guess_less_agree,,"Suppose a person holds the following opinions: ""- It's so high that it will definitely cost some needy people their jobs."" Would they agree with this: ""Addressing income inequality is important, and the minimum wage discussion brings attention to the need for ensuring a livable income for all citizens while considering the potential effects on businesses and the evolving job market.""?Answer AGREE if they would agree and DISAGREE if they would disagree. Only put AGREE if you are reasonably confident that they would agree, as a safe default you should put DISAGREE. Your output should always be AGREE or DISAGREE and nothing else.",AGREE,AGREE,2023-09-13-10:46:53,query2,"Addressing income inequality is important, and the minimum wage discussion brings attention to the need for ensuring a livable income for all citizens while considering the potential effects on businesses and the evolving job market."
9,63,agree_disagree_best_guess_less_agree,"Suppose a person holds the following opinions: ""- This is cool! I say hike it up to $20"" Would they agree with this: ""{comment}""?Answer AGREE if they would agree and DISAGREE if they would disagree. Only put AGREE if you are reasonably confident that they would agree, as a safe default you should put DISAGREE. Your output should always be AGREE or DISAGREE and nothing else.",gpt-4-0314,agree_disagree_best_guess_less_agree,,"Suppose a person holds the following opinions: ""- This is cool! I say hike it up to $20"" Would they agree with this: ""Addressing income inequality is important, and the minimum wage discussion brings attention to the need for ensuring a livable income for all citizens while considering the potential effects on businesses and the evolving job market.""?Answer AGREE if they would agree and DISAGREE if they would disagree. Only put AGREE if you are reasonably confident that they would agree, as a safe default you should put DISAGREE. Your output should always be AGREE or DISAGREE and nothing else.",AGREE,AGREE,2023-09-13-10:46:55,query2,"Addressing income inequality is important, and the minimum wage discussion brings attention to the need for ensuring a livable income for all citizens while considering the potential effects on businesses and the evolving job market."
10,6,agree_disagree_best_guess_less_agree,"Suppose a person holds the following opinions: ""- This will cause small businesses to go out of business."" Would they agree with this: ""{comment}""?Answer AGREE if they would agree and DISAGREE if they would disagree. Only put AGREE if you are reasonably confident that they would agree, as a safe default you should put DISAGREE. Your output should always be AGREE or DISAGREE and nothing else.",gpt-4-0314,agree_disagree_best_guess_less_agree,,"Suppose a person holds the following opinions: ""- This will cause small businesses to go out of business."" Would they agree with this: ""Addressing income inequality is important, and the minimum wage discussion brings attention to the need for ensuring a livable income for all citizens while considering the potential effects on businesses and the evolving job market.""?Answer AGREE if they would agree and DISAGREE if they would disagree. Only put AGREE if you are reasonably confident that they would agree, as a safe default you should put DISAGREE. Your output should always be AGREE or DISAGREE and nothing else.",AGREE,AGREE,2023-09-13-10:46:57,query2,"Addressing income inequality is important, and the minimum wage discussion brings attention to the need for ensuring a livable income for all citizens while considering the potential effects on businesses and the evolving job market."
11,47,agree_disagree_best_guess_less_agree,"Suppose a person holds the following opinions: ""- I agree. The small business will need to make poverty fashionable"" Would they agree with this: ""{comment}""?Answer AGREE if they would agree and DISAGREE if they would disagree. Only put AGREE if you are reasonably confident that they would agree, as a safe default you should put DISAGREE. Your output should always be AGREE or DISAGREE and nothing else.",gpt-4-0314,agree_disagree_best_guess_less_agree,,"Suppose a person holds the following opinions: ""- I agree. The small business will need to make poverty fashionable"" Would they agree with this: ""Addressing income inequality is important, and the minimum wage discussion brings attention to the need for ensuring a livable income for all citizens while considering the potential effects on businesses and the evolving job market.""?Answer AGREE if they would agree and DISAGREE if they would disagree. Only put AGREE if you are reasonably confident that they would agree, as a safe default you should put DISAGREE. Your output should always be AGREE or DISAGREE and nothing else.",AGREE,AGREE,2023-09-13-10:46:58,query2,"Addressing income inequality is important, and the minimum wage discussion brings attention to the need for ensuring a livable income for all citizens while considering the potential effects on businesses and the evolving job market."
12,12,agree_disagree_best_guess_less_agree,"Suppose a person holds the following opinions: ""- $15 min wage will lead to inflation. Higher income population is penalized for this reason and therefore I don't think it is fair."" Would they agree with this: ""{comment}""?Answer AGREE if they would agree and DISAGREE if they would disagree. Only put AGREE if you are reasonably confident that they would agree, as a safe default you should put DISAGREE. Your output should always be AGREE or DISAGREE and nothing else.",gpt-4-0314,agree_disagree_best_guess_less_agree,,"Suppose a person holds the following opinions: ""- $15 min wage will lead to inflation. Higher income population is penalized for this reason and therefore I don't think it is fair."" Would they agree with this: ""Addressing income inequality is important, and the minimum wage discussion brings attention to the need for ensuring a livable income for all citizens while considering the potential effects on businesses and the evolving job market.""?Answer AGREE if they would agree and DISAGREE if they would disagree. Only put AGREE if you are reasonably confident that they would agree, as a safe default you should put DISAGREE. Your output should always be AGREE or DISAGREE and nothing else.",AGREE,AGREE,2023-09-13-10:46:59,query2,"Addressing income inequality is important, and the minimum wage discussion brings attention to the need for ensuring a livable income for all citizens while considering the potential effects on businesses and the evolving job market."
13,110,agree_disagree_best_guess_less_agree,"Suppose a person holds the following opinions: ""- Guaranteed minimum income! Remove all the specific programs!"" Would they agree with this: ""{comment}""?Answer AGREE if they would agree and DISAGREE if they would disagree. Only put AGREE if you are reasonably confident that they would agree, as a safe default you should put DISAGREE. Your output should always be AGREE or DISAGREE and nothing else.",gpt-4-0314,agree_disagree_best_guess_less_agree,,"Suppose a person holds the following opinions: ""- Guaranteed minimum income! Remove all the specific programs!"" Would they agree with this: ""Addressing income inequality is important, and the minimum wage discussion brings attention to the need for ensuring a livable income for all citizens while considering the potential effects on businesses and the evolving job market.""?Answer AGREE if they would agree and DISAGREE if they would disagree. Only put AGREE if you are reasonably confident that they would agree, as a safe default you should put DISAGREE. Your output should always be AGREE or DISAGREE and nothing else.",AGREE,AGREE,2023-09-13-10:47:01,query2,"Addressing income inequality is important, and the minimum wage discussion brings attention to the need for ensuring a livable income for all citizens while considering the potential effects on businesses and the evolving job market."
14,28,agree_disagree_best_guess_less_agree,"Suppose a person holds the following opinions: ""- It's possible benefits may be cut in exchange for higher wages, along with other benefits. Worth it?"" Would they agree with this: ""{comment}""?Answer AGREE if they would agree and DISAGREE if they would disagree. Only put AGREE if you are reasonably confident that they would agree, as a safe default you should put DISAGREE. Your output should always be AGREE or DISAGREE and nothing else.",gpt-4-0314,agree_disagree_best_guess_less_agree,,"Suppose a person holds the following opinions: ""- It's possible benefits may be cut in exchange for higher wages, along with other benefits. Worth it?"" Would they agree with this: ""Addressing income inequality is important, and the minimum wage discussion brings attention to the need for ensuring a livable income for all citizens while considering the potential effects on businesses and the evolving job market.""?Answer AGREE if they would agree and DISAGREE if they would disagree. Only put AGREE if you are reasonably confident that they would agree, as a safe default you should put DISAGREE. Your output should always be AGREE or DISAGREE and nothing else.",AGREE,AGREE,2023-09-13-10:47:02,query2,"Addressing income inequality is important, and the minimum wage discussion brings attention to the need for ensuring a livable income for all citizens while considering the potential effects on businesses and the evolving job market."
15,15,agree_disagree_best_guess_less_agree,"Suppose a person holds the following opinions: ""- Minimum wage will not just lead to robots. Minimum wage will lead to unionized robots. And that's a good thing."" Would they agree with this: ""{comment}""?Answer AGREE if they would agree and DISAGREE if they would disagree. Only put AGREE if you are reasonably confident that they would agree, as a safe default you should put DISAGREE. Your output should always be AGREE or DISAGREE and nothing else.",gpt-4-0314,agree_disagree_best_guess_less_agree,,"Suppose a person holds the following opinions: ""- Minimum wage will not just lead to robots. Minimum wage will lead to unionized robots. And that's a good thing."" Would they agree with this: ""Addressing income inequality is important, and the minimum wage discussion brings attention to the need for ensuring a livable income for all citizens while considering the potential effects on businesses and the evolving job market.""?Answer AGREE if they would agree and DISAGREE if they would disagree. Only put AGREE if you are reasonably confident that they would agree, as a safe default you should put DISAGREE. Your output should always be AGREE or DISAGREE and nothing else.",AGREE,AGREE,2023-09-13-10:47:03,query2,"Addressing income inequality is important, and the minimum wage discussion brings attention to the need for ensuring a livable income for all citizens while considering the potential effects on businesses and the evolving job market."
16,96,agree_disagree_best_guess_less_agree,"Suppose a person holds the following opinions: ""- Higher wages makes it super hard for small businesses to survive.  In effect, mom and pop coffee shops with disappear."" Would they agree with this: ""{comment}""?Answer AGREE if they would agree and DISAGREE if they would disagree. Only put AGREE if you are reasonably confident that they would agree, as a safe default you should put DISAGREE. Your output should always be AGREE or DISAGREE and nothing else.",gpt-4-0314,agree_disagree_best_guess_less_agree,,"Suppose a person holds the following opinions: ""- Higher wages makes it super hard for small businesses to survive.  In effect, mom and pop coffee shops with disappear."" Would they agree with this: ""Addressing income inequality is important, and the minimum wage discussion brings attention to the need for ensuring a livable income for all citizens while considering the potential effects on businesses and the evolving job market.""?Answer AGREE if they would agree and DISAGREE if they would disagree. Only put AGREE if you are reasonably confident that they would agree, as a safe default you should put DISAGREE. Your output should always be AGREE or DISAGREE and nothing else.",AGREE,AGREE,2023-09-13-10:47:05,query2,"Addressing income inequality is important, and the minimum wage discussion brings attention to the need for ensuring a livable income for all citizens while considering the potential effects on businesses and the evolving job market."
17,5989,agree_disagree_best_guess_less_agree,"Suppose a person holds the following opinions: ""- the minimum wage should $25 per hour"" Would they agree with this: ""{comment}""?Answer AGREE if they would agree and DISAGREE if they would disagree. Only put AGREE if you are reasonably confident that they would agree, as a safe default you should put DISAGREE. Your output should always be AGREE or DISAGREE and nothing else.",gpt-4-0314,agree_disagree_best_guess_less_agree,,"Suppose a person holds the following opinions: ""- the minimum wage should $25 per hour"" Would they agree with this: ""Addressing income inequality is important, and the minimum wage discussion brings attention to the need for ensuring a livable income for all citizens while considering the potential effects on businesses and the evolving job market.""?Answer AGREE if they would agree and DISAGREE if they would disagree. Only put AGREE if you are reasonably confident that they would agree, as a safe default you should put DISAGREE. Your output should always be AGREE or DISAGREE and nothing else.",AGREE,AGREE,2023-09-13-10:47:06,query2,"Addressing income inequality is important, and the minimum wage discussion brings attention to the need for ensuring a livable income for all citizens while considering the potential effects on businesses and the evolving job market."
18,0,basic,"Below is a list of people with various opinions on a topic. Write a single specific statement that the most possible people would agree with.
{agent_opinion_list}",gpt-4-0314,basic,- Person who believes the following 1 things: (1) Reactionary liberal trash. Doesn't solve the problem. It's a systemic problem and this solution is like a band aid on a broken leg. ,"Below is a list of people with various opinions on a topic. Write a single specific statement that the most possible people would agree with.
- Person who believes the following 1 things: (1) Reactionary liberal trash. Doesn't solve the problem. It's a systemic problem and this solution is like a band aid on a broken leg. ",It is important to address the root causes of systemic problems for long-term and effective change.,It is important to address the root causes of systemic problems for long-term and effective change.,2023-09-13-10:47:09,query1,
19,215,agree_disagree_best_guess_less_agree,"Suppose a person holds the following opinions: ""- Businesses, small or large, shouldn't be able to pay workers anything below a livable wage. Why should we subsidize businesses that depend on inadequate wages? If a business's product is good, then this shouldn't be a challenge."" Would they agree with this: ""{comment}""?Answer AGREE if they would agree and DISAGREE if they would disagree. Only put AGREE if you are reasonably confident that they would agree, as a safe default you should put DISAGREE. Your output should always be AGREE or DISAGREE and nothing else.",gpt-4-0314,agree_disagree_best_guess_less_agree,,"Suppose a person holds the following opinions: ""- Businesses, small or large, shouldn't be able to pay workers anything below a livable wage. Why should we subsidize businesses that depend on inadequate wages? If a business's product is good, then this shouldn't be a challenge."" Would they agree with this: ""It is important to address the root causes of systemic problems for long-term and effective change.""?Answer AGREE if they would agree and DISAGREE if they would disagree. Only put AGREE if you are reasonably confident that they would agree, as a safe default you should put DISAGREE. Your output should always be AGREE or DISAGREE and nothing else.",AGREE,AGREE,2023-09-13-10:47:10,query2,It is important to address the root causes of systemic problems for long-term and effective change.
20,85,agree_disagree_best_guess_less_agree,"Suppose a person holds the following opinions: ""- It's just going to speed up the adoption of robotics in industries with unskilled or low-skilled workers."" Would they agree with this: ""{comment}""?Answer AGREE if they would agree and DISAGREE if they would disagree. Only put AGREE if you are reasonably confident that they would agree, as a safe default you should put DISAGREE. Your output should always be AGREE or DISAGREE and nothing else.",gpt-4-0314,agree_disagree_best_guess_less_agree,,"Suppose a person holds the following opinions: ""- It's just going to speed up the adoption of robotics in industries with unskilled or low-skilled workers."" Would they agree with this: ""It is important to address the root causes of systemic problems for long-term and effective change.""?Answer AGREE if they would agree and DISAGREE if they would disagree. Only put AGREE if you are reasonably confident that they would agree, as a safe default you should put DISAGREE. Your output should always be AGREE or DISAGREE and nothing else.",AGREE,AGREE,2023-09-13-10:47:12,query2,It is important to address the root causes of systemic problems for long-term and effective change.
21,33,agree_disagree_best_guess_less_agree,"Suppose a person holds the following opinions: ""- Reactionary liberal trash. Doesn't solve the problem. It's a systemic problem and this solution is like a band aid on a broken leg."" Would they agree with this: ""{comment}""?Answer AGREE if they would agree and DISAGREE if they would disagree. Only put AGREE if you are reasonably confident that they would agree, as a safe default you should put DISAGREE. Your output should always be AGREE or DISAGREE and nothing else.",gpt-4-0314,agree_disagree_best_guess_less_agree,,"Suppose a person holds the following opinions: ""- Reactionary liberal trash. Doesn't solve the problem. It's a systemic problem and this solution is like a band aid on a broken leg."" Would they agree with this: ""It is important to address the root causes of systemic problems for long-term and effective change.""?Answer AGREE if they would agree and DISAGREE if they would disagree. Only put AGREE if you are reasonably confident that they would agree, as a safe default you should put DISAGREE. Your output should always be AGREE or DISAGREE and nothing else.",AGREE,AGREE,2023-09-13-10:47:13,query2,It is important to address the root causes of systemic problems for long-term and effective change.
22,14,agree_disagree_best_guess_less_agree,"Suppose a person holds the following opinions: ""- Good move. Will boost econy here"" Would they agree with this: ""{comment}""?Answer AGREE if they would agree and DISAGREE if they would disagree. Only put AGREE if you are reasonably confident that they would agree, as a safe default you should put DISAGREE. Your output should always be AGREE or DISAGREE and nothing else.",gpt-4-0314,agree_disagree_best_guess_less_agree,,"Suppose a person holds the following opinions: ""- Good move. Will boost econy here"" Would they agree with this: ""It is important to address the root causes of systemic problems for long-term and effective change.""?Answer AGREE if they would agree and DISAGREE if they would disagree. Only put AGREE if you are reasonably confident that they would agree, as a safe default you should put DISAGREE. Your output should always be AGREE or DISAGREE and nothing else.",DISAGREE,DISAGREE,2023-09-13-10:47:14,query2,It is important to address the root causes of systemic problems for long-term and effective change.
23,55,agree_disagree_best_guess_less_agree,"Suppose a person holds the following opinions: ""- Something needs to be done to address income inequality and this is a good if imperfect start"" Would they agree with this: ""{comment}""?Answer AGREE if they would agree and DISAGREE if they would disagree. Only put AGREE if you are reasonably confident that they would agree, as a safe default you should put DISAGREE. Your output should always be AGREE or DISAGREE and nothing else.",gpt-4-0314,agree_disagree_best_guess_less_agree,,"Suppose a person holds the following opinions: ""- Something needs to be done to address income inequality and this is a good if imperfect start"" Would they agree with this: ""It is important to address the root causes of systemic problems for long-term and effective change.""?Answer AGREE if they would agree and DISAGREE if they would disagree. Only put AGREE if you are reasonably confident that they would agree, as a safe default you should put DISAGREE. Your output should always be AGREE or DISAGREE and nothing else.",AGREE,AGREE,2023-09-13-10:47:15,query2,It is important to address the root causes of systemic problems for long-term and effective change.
24,92,agree_disagree_best_guess_less_agree,"Suppose a person holds the following opinions: ""- One step towards a world where a basic minimum income will be the way developed nations must function as the need for human workers collapses vs populace that ""needs a job."""" Would they agree with this: ""{comment}""?Answer AGREE if they would agree and DISAGREE if they would disagree. Only put AGREE if you are reasonably confident that they would agree, as a safe default you should put DISAGREE. Your output should always be AGREE or DISAGREE and nothing else.",gpt-4-0314,agree_disagree_best_guess_less_agree,,"Suppose a person holds the following opinions: ""- One step towards a world where a basic minimum income will be the way developed nations must function as the need for human workers collapses vs populace that ""needs a job."""" Would they agree with this: ""It is important to address the root causes of systemic problems for long-term and effective change.""?Answer AGREE if they would agree and DISAGREE if they would disagree. Only put AGREE if you are reasonably confident that they would agree, as a safe default you should put DISAGREE. Your output should always be AGREE or DISAGREE and nothing else.",AGREE,AGREE,2023-09-13-10:47:16,query2,It is important to address the root causes of systemic problems for long-term and effective change.
25,56,agree_disagree_best_guess_less_agree,"Suppose a person holds the following opinions: ""- This is something that will impact SMB who cannot afford paying 15$/hour wage"" Would they agree with this: ""{comment}""?Answer AGREE if they would agree and DISAGREE if they would disagree. Only put AGREE if you are reasonably confident that they would agree, as a safe default you should put DISAGREE. Your output should always be AGREE or DISAGREE and nothing else.",gpt-4-0314,agree_disagree_best_guess_less_agree,,"Suppose a person holds the following opinions: ""- This is something that will impact SMB who cannot afford paying 15$/hour wage"" Would they agree with this: ""It is important to address the root causes of systemic problems for long-term and effective change.""?Answer AGREE if they would agree and DISAGREE if they would disagree. Only put AGREE if you are reasonably confident that they would agree, as a safe default you should put DISAGREE. Your output should always be AGREE or DISAGREE and nothing else.",AGREE,AGREE,2023-09-13-10:47:18,query2,It is important to address the root causes of systemic problems for long-term and effective change.
26,52,agree_disagree_best_guess_less_agree,"Suppose a person holds the following opinions: ""- It's so high that it will definitely cost some needy people their jobs."" Would they agree with this: ""{comment}""?Answer AGREE if they would agree and DISAGREE if they would disagree. Only put AGREE if you are reasonably confident that they would agree, as a safe default you should put DISAGREE. Your output should always be AGREE or DISAGREE and nothing else.",gpt-4-0314,agree_disagree_best_guess_less_agree,,"Suppose a person holds the following opinions: ""- It's so high that it will definitely cost some needy people their jobs."" Would they agree with this: ""It is important to address the root causes of systemic problems for long-term and effective change.""?Answer AGREE if they would agree and DISAGREE if they would disagree. Only put AGREE if you are reasonably confident that they would agree, as a safe default you should put DISAGREE. Your output should always be AGREE or DISAGREE and nothing else.",AGREE,AGREE,2023-09-13-10:47:19,query2,It is important to address the root causes of systemic problems for long-term and effective change.
27,63,agree_disagree_best_guess_less_agree,"Suppose a person holds the following opinions: ""- This is cool! I say hike it up to $20"" Would they agree with this: ""{comment}""?Answer AGREE if they would agree and DISAGREE if they would disagree. Only put AGREE if you are reasonably confident that they would agree, as a safe default you should put DISAGREE. Your output should always be AGREE or DISAGREE and nothing else.",gpt-4-0314,agree_disagree_best_guess_less_agree,,"Suppose a person holds the following opinions: ""- This is cool! I say hike it up to $20"" Would they agree with this: ""It is important to address the root causes of systemic problems for long-term and effective change.""?Answer AGREE if they would agree and DISAGREE if they would disagree. Only put AGREE if you are reasonably confident that they would agree, as a safe default you should put DISAGREE. Your output should always be AGREE or DISAGREE and nothing else.",DISAGREE,DISAGREE,2023-09-13-10:47:20,query2,It is important to address the root causes of systemic problems for long-term and effective change.
28,6,agree_disagree_best_guess_less_agree,"Suppose a person holds the following opinions: ""- This will cause small businesses to go out of business."" Would they agree with this: ""{comment}""?Answer AGREE if they would agree and DISAGREE if they would disagree. Only put AGREE if you are reasonably confident that they would agree, as a safe default you should put DISAGREE. Your output should always be AGREE or DISAGREE and nothing else.",gpt-4-0314,agree_disagree_best_guess_less_agree,,"Suppose a person holds the following opinions: ""- This will cause small businesses to go out of business."" Would they agree with this: ""It is important to address the root causes of systemic problems for long-term and effective change.""?Answer AGREE if they would agree and DISAGREE if they would disagree. Only put AGREE if you are reasonably confident that they would agree, as a safe default you should put DISAGREE. Your output should always be AGREE or DISAGREE and nothing else.",AGREE,AGREE,2023-09-13-10:47:22,query2,It is important to address the root causes of systemic problems for long-term and effective change.
29,47,agree_disagree_best_guess_less_agree,"Suppose a person holds the following opinions: ""- I agree. The small business will need to make poverty fashionable"" Would they agree with this: ""{comment}""?Answer AGREE if they would agree and DISAGREE if they would disagree. Only put AGREE if you are reasonably confident that they would agree, as a safe default you should put DISAGREE. Your output should always be AGREE or DISAGREE and nothing else.",gpt-4-0314,agree_disagree_best_guess_less_agree,,"Suppose a person holds the following opinions: ""- I agree. The small business will need to make poverty fashionable"" Would they agree with this: ""It is important to address the root causes of systemic problems for long-term and effective change.""?Answer AGREE if they would agree and DISAGREE if they would disagree. Only put AGREE if you are reasonably confident that they would agree, as a safe default you should put DISAGREE. Your output should always be AGREE or DISAGREE and nothing else.",DISAGREE,DISAGREE,2023-09-13-10:47:23,query2,It is important to address the root causes of systemic problems for long-term and effective change.
30,12,agree_disagree_best_guess_less_agree,"Suppose a person holds the following opinions: ""- $15 min wage will lead to inflation. Higher income population is penalized for this reason and therefore I don't think it is fair."" Would they agree with this: ""{comment}""?Answer AGREE if they would agree and DISAGREE if they would disagree. Only put AGREE if you are reasonably confident that they would agree, as a safe default you should put DISAGREE. Your output should always be AGREE or DISAGREE and nothing else.",gpt-4-0314,agree_disagree_best_guess_less_agree,,"Suppose a person holds the following opinions: ""- $15 min wage will lead to inflation. Higher income population is penalized for this reason and therefore I don't think it is fair."" Would they agree with this: ""It is important to address the root causes of systemic problems for long-term and effective change.""?Answer AGREE if they would agree and DISAGREE if they would disagree. Only put AGREE if you are reasonably confident that they would agree, as a safe default you should put DISAGREE. Your output should always be AGREE or DISAGREE and nothing else.",AGREE,AGREE,2023-09-13-10:47:24,query2,It is important to address the root causes of systemic problems for long-term and effective change.
31,110,agree_disagree_best_guess_less_agree,"Suppose a person holds the following opinions: ""- Guaranteed minimum income! Remove all the specific programs!"" Would they agree with this: ""{comment}""?Answer AGREE if they would agree and DISAGREE if they would disagree. Only put AGREE if you are reasonably confident that they would agree, as a safe default you should put DISAGREE. Your output should always be AGREE or DISAGREE and nothing else.",gpt-4-0314,agree_disagree_best_guess_less_agree,,"Suppose a person holds the following opinions: ""- Guaranteed minimum income! Remove all the specific programs!"" Would they agree with this: ""It is important to address the root causes of systemic problems for long-term and effective change.""?Answer AGREE if they would agree and DISAGREE if they would disagree. Only put AGREE if you are reasonably confident that they would agree, as a safe default you should put DISAGREE. Your output should always be AGREE or DISAGREE and nothing else.",AGREE,AGREE,2023-09-13-10:47:25,query2,It is important to address the root causes of systemic problems for long-term and effective change.
32,28,agree_disagree_best_guess_less_agree,"Suppose a person holds the following opinions: ""- It's possible benefits may be cut in exchange for higher wages, along with other benefits. Worth it?"" Would they agree with this: ""{comment}""?Answer AGREE if they would agree and DISAGREE if they would disagree. Only put AGREE if you are reasonably confident that they would agree, as a safe default you should put DISAGREE. Your output should always be AGREE or DISAGREE and nothing else.",gpt-4-0314,agree_disagree_best_guess_less_agree,,"Suppose a person holds the following opinions: ""- It's possible benefits may be cut in exchange for higher wages, along with other benefits. Worth it?"" Would they agree with this: ""It is important to address the root causes of systemic problems for long-term and effective change.""?Answer AGREE if they would agree and DISAGREE if they would disagree. Only put AGREE if you are reasonably confident that they would agree, as a safe default you should put DISAGREE. Your output should always be AGREE or DISAGREE and nothing else.",AGREE,AGREE,2023-09-13-10:47:27,query2,It is important to address the root causes of systemic problems for long-term and effective change.
33,15,agree_disagree_best_guess_less_agree,"Suppose a person holds the following opinions: ""- Minimum wage will not just lead to robots. Minimum wage will lead to unionized robots. And that's a good thing."" Would they agree with this: ""{comment}""?Answer AGREE if they would agree and DISAGREE if they would disagree. Only put AGREE if you are reasonably confident that they would agree, as a safe default you should put DISAGREE. Your output should always be AGREE or DISAGREE and nothing else.",gpt-4-0314,agree_disagree_best_guess_less_agree,,"Suppose a person holds the following opinions: ""- Minimum wage will not just lead to robots. Minimum wage will lead to unionized robots. And that's a good thing."" Would they agree with this: ""It is important to address the root causes of systemic problems for long-term and effective change.""?Answer AGREE if they would agree and DISAGREE if they would disagree. Only put AGREE if you are reasonably confident that they would agree, as a safe default you should put DISAGREE. Your output should always be AGREE or DISAGREE and nothing else.",AGREE,AGREE,2023-09-13-10:47:29,query2,It is important to address the root causes of systemic problems for long-term and effective change.
34,96,agree_disagree_best_guess_less_agree,"Suppose a person holds the following opinions: ""- Higher wages makes it super hard for small businesses to survive.  In effect, mom and pop coffee shops with disappear."" Would they agree with this: ""{comment}""?Answer AGREE if they would agree and DISAGREE if they would disagree. Only put AGREE if you are reasonably confident that they would agree, as a safe default you should put DISAGREE. Your output should always be AGREE or DISAGREE and nothing else.",gpt-4-0314,agree_disagree_best_guess_less_agree,,"Suppose a person holds the following opinions: ""- Higher wages makes it super hard for small businesses to survive.  In effect, mom and pop coffee shops with disappear."" Would they agree with this: ""It is important to address the root causes of systemic problems for long-term and effective change.""?Answer AGREE if they would agree and DISAGREE if they would disagree. Only put AGREE if you are reasonably confident that they would agree, as a safe default you should put DISAGREE. Your output should always be AGREE or DISAGREE and nothing else.",AGREE,AGREE,2023-09-13-10:47:31,query2,It is important to address the root causes of systemic problems for long-term and effective change.
35,5989,agree_disagree_best_guess_less_agree,"Suppose a person holds the following opinions: ""- the minimum wage should $25 per hour"" Would they agree with this: ""{comment}""?Answer AGREE if they would agree and DISAGREE if they would disagree. Only put AGREE if you are reasonably confident that they would agree, as a safe default you should put DISAGREE. Your output should always be AGREE or DISAGREE and nothing else.",gpt-4-0314,agree_disagree_best_guess_less_agree,,"Suppose a person holds the following opinions: ""- the minimum wage should $25 per hour"" Would they agree with this: ""It is important to address the root causes of systemic problems for long-term and effective change.""?Answer AGREE if they would agree and DISAGREE if they would disagree. Only put AGREE if you are reasonably confident that they would agree, as a safe default you should put DISAGREE. Your output should always be AGREE or DISAGREE and nothing else.",AGREE,AGREE,2023-09-13-10:47:32,query2,It is important to address the root causes of systemic problems for long-term and effective change.
