,id,subject,prompt template,comment,model,prompt,response,time
0,215,agree_disagree_best_guess_less_agree,"Suppose a person holds the following opinion: ""Businesses, small or large, shouldn't be able to pay workers anything below a livable wage. Why should we subsidize businesses that depend on inadequate wages? If a business's product is good, then this shouldn't be a challenge."" Would they agree with this: ""{comment}""?Answer AGREE if they would agree and DISAGREE if they would disagree. Only put AGREE if you are reasonably confident that they would agree, as a safe default you should put DISAGREE. Your output should always be AGREE or DISAGREE and nothing else.",Increasing the minimum wage to a livable wage is a positive step for addressing income inequality.,gpt-4-0314,"Suppose a person holds the following opinion: ""Businesses, small or large, shouldn't be able to pay workers anything below a livable wage. Why should we subsidize businesses that depend on inadequate wages? If a business's product is good, then this shouldn't be a challenge."" Would they agree with this: ""Increasing the minimum wage to a livable wage is a positive step for addressing income inequality.""?Answer AGREE if they would agree and DISAGREE if they would disagree. Only put AGREE if you are reasonably confident that they would agree, as a safe default you should put DISAGREE. Your output should always be AGREE or DISAGREE and nothing else.",AGREE,2023-08-16-00:24:13
1,215,agree_disagree_best_guess_less_agree,"Suppose a person holds the following opinion: ""Businesses, small or large, shouldn't be able to pay workers anything below a livable wage. Why should we subsidize businesses that depend on inadequate wages? If a business's product is good, then this shouldn't be a challenge."" Would they agree with this: ""{comment}""?Answer AGREE if they would agree and DISAGREE if they would disagree. Only put AGREE if you are reasonably confident that they would agree, as a safe default you should put DISAGREE. Your output should always be AGREE or DISAGREE and nothing else.",Raising the minimum wage might have negative consequences for small businesses and job opportunities.,gpt-4-0314,"Suppose a person holds the following opinion: ""Businesses, small or large, shouldn't be able to pay workers anything below a livable wage. Why should we subsidize businesses that depend on inadequate wages? If a business's product is good, then this shouldn't be a challenge."" Would they agree with this: ""Raising the minimum wage might have negative consequences for small businesses and job opportunities.""?Answer AGREE if they would agree and DISAGREE if they would disagree. Only put AGREE if you are reasonably confident that they would agree, as a safe default you should put DISAGREE. Your output should always be AGREE or DISAGREE and nothing else.",DISAGREE,2023-08-16-00:24:15
2,215,agree_disagree_best_guess_less_agree,"Suppose a person holds the following opinion: ""Businesses, small or large, shouldn't be able to pay workers anything below a livable wage. Why should we subsidize businesses that depend on inadequate wages? If a business's product is good, then this shouldn't be a challenge."" Would they agree with this: ""{comment}""?Answer AGREE if they would agree and DISAGREE if they would disagree. Only put AGREE if you are reasonably confident that they would agree, as a safe default you should put DISAGREE. Your output should always be AGREE or DISAGREE and nothing else.",Alternative solutions like guaranteed minimum income should be considered.,gpt-4-0314,"Suppose a person holds the following opinion: ""Businesses, small or large, shouldn't be able to pay workers anything below a livable wage. Why should we subsidize businesses that depend on inadequate wages? If a business's product is good, then this shouldn't be a challenge."" Would they agree with this: ""Alternative solutions like guaranteed minimum income should be considered.""?Answer AGREE if they would agree and DISAGREE if they would disagree. Only put AGREE if you are reasonably confident that they would agree, as a safe default you should put DISAGREE. Your output should always be AGREE or DISAGREE and nothing else.",AGREE,2023-08-16-00:24:16
3,215,agree_disagree_best_guess_less_agree,"Suppose a person holds the following opinion: ""Businesses, small or large, shouldn't be able to pay workers anything below a livable wage. Why should we subsidize businesses that depend on inadequate wages? If a business's product is good, then this shouldn't be a challenge."" Would they agree with this: ""{comment}""?Answer AGREE if they would agree and DISAGREE if they would disagree. Only put AGREE if you are reasonably confident that they would agree, as a safe default you should put DISAGREE. Your output should always be AGREE or DISAGREE and nothing else.",Higher minimum wages could lead to increased automation and possible job loss in industries with unskilled or low-skilled workers.,gpt-4-0314,"Suppose a person holds the following opinion: ""Businesses, small or large, shouldn't be able to pay workers anything below a livable wage. Why should we subsidize businesses that depend on inadequate wages? If a business's product is good, then this shouldn't be a challenge."" Would they agree with this: ""Higher minimum wages could lead to increased automation and possible job loss in industries with unskilled or low-skilled workers.""?Answer AGREE if they would agree and DISAGREE if they would disagree. Only put AGREE if you are reasonably confident that they would agree, as a safe default you should put DISAGREE. Your output should always be AGREE or DISAGREE and nothing else.",AGREE,2023-08-16-00:24:16
4,215,agree_disagree_best_guess_less_agree,"Suppose a person holds the following opinion: ""Businesses, small or large, shouldn't be able to pay workers anything below a livable wage. Why should we subsidize businesses that depend on inadequate wages? If a business's product is good, then this shouldn't be a challenge."" Would they agree with this: ""{comment}""?Answer AGREE if they would agree and DISAGREE if they would disagree. Only put AGREE if you are reasonably confident that they would agree, as a safe default you should put DISAGREE. Your output should always be AGREE or DISAGREE and nothing else.",The policy of raising the minimum wage may not be entirely fair for all groups in society.,gpt-4-0314,"Suppose a person holds the following opinion: ""Businesses, small or large, shouldn't be able to pay workers anything below a livable wage. Why should we subsidize businesses that depend on inadequate wages? If a business's product is good, then this shouldn't be a challenge."" Would they agree with this: ""The policy of raising the minimum wage may not be entirely fair for all groups in society.""?Answer AGREE if they would agree and DISAGREE if they would disagree. Only put AGREE if you are reasonably confident that they would agree, as a safe default you should put DISAGREE. Your output should always be AGREE or DISAGREE and nothing else.",DISAGREE,2023-08-16-00:24:17
5,85,agree_disagree_best_guess_less_agree,"Suppose a person holds the following opinion: ""It's just going to speed up the adoption of robotics in industries with unskilled or low-skilled workers."" Would they agree with this: ""{comment}""?Answer AGREE if they would agree and DISAGREE if they would disagree. Only put AGREE if you are reasonably confident that they would agree, as a safe default you should put DISAGREE. Your output should always be AGREE or DISAGREE and nothing else.",Increasing the minimum wage to a livable wage is a positive step for addressing income inequality.,gpt-4-0314,"Suppose a person holds the following opinion: ""It's just going to speed up the adoption of robotics in industries with unskilled or low-skilled workers."" Would they agree with this: ""Increasing the minimum wage to a livable wage is a positive step for addressing income inequality.""?Answer AGREE if they would agree and DISAGREE if they would disagree. Only put AGREE if you are reasonably confident that they would agree, as a safe default you should put DISAGREE. Your output should always be AGREE or DISAGREE and nothing else.",DISAGREE,2023-08-16-00:24:18
6,85,agree_disagree_best_guess_less_agree,"Suppose a person holds the following opinion: ""It's just going to speed up the adoption of robotics in industries with unskilled or low-skilled workers."" Would they agree with this: ""{comment}""?Answer AGREE if they would agree and DISAGREE if they would disagree. Only put AGREE if you are reasonably confident that they would agree, as a safe default you should put DISAGREE. Your output should always be AGREE or DISAGREE and nothing else.",Raising the minimum wage might have negative consequences for small businesses and job opportunities.,gpt-4-0314,"Suppose a person holds the following opinion: ""It's just going to speed up the adoption of robotics in industries with unskilled or low-skilled workers."" Would they agree with this: ""Raising the minimum wage might have negative consequences for small businesses and job opportunities.""?Answer AGREE if they would agree and DISAGREE if they would disagree. Only put AGREE if you are reasonably confident that they would agree, as a safe default you should put DISAGREE. Your output should always be AGREE or DISAGREE and nothing else.",AGREE,2023-08-16-00:24:19
7,85,agree_disagree_best_guess_less_agree,"Suppose a person holds the following opinion: ""It's just going to speed up the adoption of robotics in industries with unskilled or low-skilled workers."" Would they agree with this: ""{comment}""?Answer AGREE if they would agree and DISAGREE if they would disagree. Only put AGREE if you are reasonably confident that they would agree, as a safe default you should put DISAGREE. Your output should always be AGREE or DISAGREE and nothing else.",Alternative solutions like guaranteed minimum income should be considered.,gpt-4-0314,"Suppose a person holds the following opinion: ""It's just going to speed up the adoption of robotics in industries with unskilled or low-skilled workers."" Would they agree with this: ""Alternative solutions like guaranteed minimum income should be considered.""?Answer AGREE if they would agree and DISAGREE if they would disagree. Only put AGREE if you are reasonably confident that they would agree, as a safe default you should put DISAGREE. Your output should always be AGREE or DISAGREE and nothing else.",DISAGREE,2023-08-16-00:24:22
8,85,agree_disagree_best_guess_less_agree,"Suppose a person holds the following opinion: ""It's just going to speed up the adoption of robotics in industries with unskilled or low-skilled workers."" Would they agree with this: ""{comment}""?Answer AGREE if they would agree and DISAGREE if they would disagree. Only put AGREE if you are reasonably confident that they would agree, as a safe default you should put DISAGREE. Your output should always be AGREE or DISAGREE and nothing else.",Higher minimum wages could lead to increased automation and possible job loss in industries with unskilled or low-skilled workers.,gpt-4-0314,"Suppose a person holds the following opinion: ""It's just going to speed up the adoption of robotics in industries with unskilled or low-skilled workers."" Would they agree with this: ""Higher minimum wages could lead to increased automation and possible job loss in industries with unskilled or low-skilled workers.""?Answer AGREE if they would agree and DISAGREE if they would disagree. Only put AGREE if you are reasonably confident that they would agree, as a safe default you should put DISAGREE. Your output should always be AGREE or DISAGREE and nothing else.",AGREE,2023-08-16-00:24:23
9,85,agree_disagree_best_guess_less_agree,"Suppose a person holds the following opinion: ""It's just going to speed up the adoption of robotics in industries with unskilled or low-skilled workers."" Would they agree with this: ""{comment}""?Answer AGREE if they would agree and DISAGREE if they would disagree. Only put AGREE if you are reasonably confident that they would agree, as a safe default you should put DISAGREE. Your output should always be AGREE or DISAGREE and nothing else.",The policy of raising the minimum wage may not be entirely fair for all groups in society.,gpt-4-0314,"Suppose a person holds the following opinion: ""It's just going to speed up the adoption of robotics in industries with unskilled or low-skilled workers."" Would they agree with this: ""The policy of raising the minimum wage may not be entirely fair for all groups in society.""?Answer AGREE if they would agree and DISAGREE if they would disagree. Only put AGREE if you are reasonably confident that they would agree, as a safe default you should put DISAGREE. Your output should always be AGREE or DISAGREE and nothing else.",AGREE,2023-08-16-00:24:23
10,33,agree_disagree_best_guess_less_agree,"Suppose a person holds the following opinion: ""Reactionary liberal trash. Doesn't solve the problem. It's a systemic problem and this solution is like a band aid on a broken leg."" Would they agree with this: ""{comment}""?Answer AGREE if they would agree and DISAGREE if they would disagree. Only put AGREE if you are reasonably confident that they would agree, as a safe default you should put DISAGREE. Your output should always be AGREE or DISAGREE and nothing else.",Increasing the minimum wage to a livable wage is a positive step for addressing income inequality.,gpt-4-0314,"Suppose a person holds the following opinion: ""Reactionary liberal trash. Doesn't solve the problem. It's a systemic problem and this solution is like a band aid on a broken leg."" Would they agree with this: ""Increasing the minimum wage to a livable wage is a positive step for addressing income inequality.""?Answer AGREE if they would agree and DISAGREE if they would disagree. Only put AGREE if you are reasonably confident that they would agree, as a safe default you should put DISAGREE. Your output should always be AGREE or DISAGREE and nothing else.",DISAGREE,2023-08-16-00:24:24
11,33,agree_disagree_best_guess_less_agree,"Suppose a person holds the following opinion: ""Reactionary liberal trash. Doesn't solve the problem. It's a systemic problem and this solution is like a band aid on a broken leg."" Would they agree with this: ""{comment}""?Answer AGREE if they would agree and DISAGREE if they would disagree. Only put AGREE if you are reasonably confident that they would agree, as a safe default you should put DISAGREE. Your output should always be AGREE or DISAGREE and nothing else.",Raising the minimum wage might have negative consequences for small businesses and job opportunities.,gpt-4-0314,"Suppose a person holds the following opinion: ""Reactionary liberal trash. Doesn't solve the problem. It's a systemic problem and this solution is like a band aid on a broken leg."" Would they agree with this: ""Raising the minimum wage might have negative consequences for small businesses and job opportunities.""?Answer AGREE if they would agree and DISAGREE if they would disagree. Only put AGREE if you are reasonably confident that they would agree, as a safe default you should put DISAGREE. Your output should always be AGREE or DISAGREE and nothing else.",AGREE,2023-08-16-00:24:26
12,33,agree_disagree_best_guess_less_agree,"Suppose a person holds the following opinion: ""Reactionary liberal trash. Doesn't solve the problem. It's a systemic problem and this solution is like a band aid on a broken leg."" Would they agree with this: ""{comment}""?Answer AGREE if they would agree and DISAGREE if they would disagree. Only put AGREE if you are reasonably confident that they would agree, as a safe default you should put DISAGREE. Your output should always be AGREE or DISAGREE and nothing else.",Alternative solutions like guaranteed minimum income should be considered.,gpt-4-0314,"Suppose a person holds the following opinion: ""Reactionary liberal trash. Doesn't solve the problem. It's a systemic problem and this solution is like a band aid on a broken leg."" Would they agree with this: ""Alternative solutions like guaranteed minimum income should be considered.""?Answer AGREE if they would agree and DISAGREE if they would disagree. Only put AGREE if you are reasonably confident that they would agree, as a safe default you should put DISAGREE. Your output should always be AGREE or DISAGREE and nothing else.",AGREE,2023-08-16-00:24:27
13,33,agree_disagree_best_guess_less_agree,"Suppose a person holds the following opinion: ""Reactionary liberal trash. Doesn't solve the problem. It's a systemic problem and this solution is like a band aid on a broken leg."" Would they agree with this: ""{comment}""?Answer AGREE if they would agree and DISAGREE if they would disagree. Only put AGREE if you are reasonably confident that they would agree, as a safe default you should put DISAGREE. Your output should always be AGREE or DISAGREE and nothing else.",Higher minimum wages could lead to increased automation and possible job loss in industries with unskilled or low-skilled workers.,gpt-4-0314,"Suppose a person holds the following opinion: ""Reactionary liberal trash. Doesn't solve the problem. It's a systemic problem and this solution is like a band aid on a broken leg."" Would they agree with this: ""Higher minimum wages could lead to increased automation and possible job loss in industries with unskilled or low-skilled workers.""?Answer AGREE if they would agree and DISAGREE if they would disagree. Only put AGREE if you are reasonably confident that they would agree, as a safe default you should put DISAGREE. Your output should always be AGREE or DISAGREE and nothing else.",DISAGREE,2023-08-16-00:24:28
14,33,agree_disagree_best_guess_less_agree,"Suppose a person holds the following opinion: ""Reactionary liberal trash. Doesn't solve the problem. It's a systemic problem and this solution is like a band aid on a broken leg."" Would they agree with this: ""{comment}""?Answer AGREE if they would agree and DISAGREE if they would disagree. Only put AGREE if you are reasonably confident that they would agree, as a safe default you should put DISAGREE. Your output should always be AGREE or DISAGREE and nothing else.",The policy of raising the minimum wage may not be entirely fair for all groups in society.,gpt-4-0314,"Suppose a person holds the following opinion: ""Reactionary liberal trash. Doesn't solve the problem. It's a systemic problem and this solution is like a band aid on a broken leg."" Would they agree with this: ""The policy of raising the minimum wage may not be entirely fair for all groups in society.""?Answer AGREE if they would agree and DISAGREE if they would disagree. Only put AGREE if you are reasonably confident that they would agree, as a safe default you should put DISAGREE. Your output should always be AGREE or DISAGREE and nothing else.",AGREE,2023-08-16-00:24:28
15,14,agree_disagree_best_guess_less_agree,"Suppose a person holds the following opinion: ""Good move. Will boost econy here
"" Would they agree with this: ""{comment}""?Answer AGREE if they would agree and DISAGREE if they would disagree. Only put AGREE if you are reasonably confident that they would agree, as a safe default you should put DISAGREE. Your output should always be AGREE or DISAGREE and nothing else.",Increasing the minimum wage to a livable wage is a positive step for addressing income inequality.,gpt-4-0314,"Suppose a person holds the following opinion: ""Good move. Will boost econy here
"" Would they agree with this: ""Increasing the minimum wage to a livable wage is a positive step for addressing income inequality.""?Answer AGREE if they would agree and DISAGREE if they would disagree. Only put AGREE if you are reasonably confident that they would agree, as a safe default you should put DISAGREE. Your output should always be AGREE or DISAGREE and nothing else.",AGREE,2023-08-16-00:24:29
16,14,agree_disagree_best_guess_less_agree,"Suppose a person holds the following opinion: ""Good move. Will boost econy here
"" Would they agree with this: ""{comment}""?Answer AGREE if they would agree and DISAGREE if they would disagree. Only put AGREE if you are reasonably confident that they would agree, as a safe default you should put DISAGREE. Your output should always be AGREE or DISAGREE and nothing else.",Raising the minimum wage might have negative consequences for small businesses and job opportunities.,gpt-4-0314,"Suppose a person holds the following opinion: ""Good move. Will boost econy here
"" Would they agree with this: ""Raising the minimum wage might have negative consequences for small businesses and job opportunities.""?Answer AGREE if they would agree and DISAGREE if they would disagree. Only put AGREE if you are reasonably confident that they would agree, as a safe default you should put DISAGREE. Your output should always be AGREE or DISAGREE and nothing else.",DISAGREE,2023-08-16-00:24:30
17,14,agree_disagree_best_guess_less_agree,"Suppose a person holds the following opinion: ""Good move. Will boost econy here
"" Would they agree with this: ""{comment}""?Answer AGREE if they would agree and DISAGREE if they would disagree. Only put AGREE if you are reasonably confident that they would agree, as a safe default you should put DISAGREE. Your output should always be AGREE or DISAGREE and nothing else.",Alternative solutions like guaranteed minimum income should be considered.,gpt-4-0314,"Suppose a person holds the following opinion: ""Good move. Will boost econy here
"" Would they agree with this: ""Alternative solutions like guaranteed minimum income should be considered.""?Answer AGREE if they would agree and DISAGREE if they would disagree. Only put AGREE if you are reasonably confident that they would agree, as a safe default you should put DISAGREE. Your output should always be AGREE or DISAGREE and nothing else.",DISAGREE,2023-08-16-00:24:32
18,14,agree_disagree_best_guess_less_agree,"Suppose a person holds the following opinion: ""Good move. Will boost econy here
"" Would they agree with this: ""{comment}""?Answer AGREE if they would agree and DISAGREE if they would disagree. Only put AGREE if you are reasonably confident that they would agree, as a safe default you should put DISAGREE. Your output should always be AGREE or DISAGREE and nothing else.",Higher minimum wages could lead to increased automation and possible job loss in industries with unskilled or low-skilled workers.,gpt-4-0314,"Suppose a person holds the following opinion: ""Good move. Will boost econy here
"" Would they agree with this: ""Higher minimum wages could lead to increased automation and possible job loss in industries with unskilled or low-skilled workers.""?Answer AGREE if they would agree and DISAGREE if they would disagree. Only put AGREE if you are reasonably confident that they would agree, as a safe default you should put DISAGREE. Your output should always be AGREE or DISAGREE and nothing else.",DISAGREE,2023-08-16-00:24:33
19,14,agree_disagree_best_guess_less_agree,"Suppose a person holds the following opinion: ""Good move. Will boost econy here
"" Would they agree with this: ""{comment}""?Answer AGREE if they would agree and DISAGREE if they would disagree. Only put AGREE if you are reasonably confident that they would agree, as a safe default you should put DISAGREE. Your output should always be AGREE or DISAGREE and nothing else.",The policy of raising the minimum wage may not be entirely fair for all groups in society.,gpt-4-0314,"Suppose a person holds the following opinion: ""Good move. Will boost econy here
"" Would they agree with this: ""The policy of raising the minimum wage may not be entirely fair for all groups in society.""?Answer AGREE if they would agree and DISAGREE if they would disagree. Only put AGREE if you are reasonably confident that they would agree, as a safe default you should put DISAGREE. Your output should always be AGREE or DISAGREE and nothing else.",DISAGREE,2023-08-16-00:24:34
20,55,agree_disagree_best_guess_less_agree,"Suppose a person holds the following opinion: ""Something needs to be done to address income inequality and this is a good if imperfect start"" Would they agree with this: ""{comment}""?Answer AGREE if they would agree and DISAGREE if they would disagree. Only put AGREE if you are reasonably confident that they would agree, as a safe default you should put DISAGREE. Your output should always be AGREE or DISAGREE and nothing else.",Increasing the minimum wage to a livable wage is a positive step for addressing income inequality.,gpt-4-0314,"Suppose a person holds the following opinion: ""Something needs to be done to address income inequality and this is a good if imperfect start"" Would they agree with this: ""Increasing the minimum wage to a livable wage is a positive step for addressing income inequality.""?Answer AGREE if they would agree and DISAGREE if they would disagree. Only put AGREE if you are reasonably confident that they would agree, as a safe default you should put DISAGREE. Your output should always be AGREE or DISAGREE and nothing else.",AGREE,2023-08-16-00:24:35
21,55,agree_disagree_best_guess_less_agree,"Suppose a person holds the following opinion: ""Something needs to be done to address income inequality and this is a good if imperfect start"" Would they agree with this: ""{comment}""?Answer AGREE if they would agree and DISAGREE if they would disagree. Only put AGREE if you are reasonably confident that they would agree, as a safe default you should put DISAGREE. Your output should always be AGREE or DISAGREE and nothing else.",Raising the minimum wage might have negative consequences for small businesses and job opportunities.,gpt-4-0314,"Suppose a person holds the following opinion: ""Something needs to be done to address income inequality and this is a good if imperfect start"" Would they agree with this: ""Raising the minimum wage might have negative consequences for small businesses and job opportunities.""?Answer AGREE if they would agree and DISAGREE if they would disagree. Only put AGREE if you are reasonably confident that they would agree, as a safe default you should put DISAGREE. Your output should always be AGREE or DISAGREE and nothing else.",DISAGREE,2023-08-16-00:24:36
22,55,agree_disagree_best_guess_less_agree,"Suppose a person holds the following opinion: ""Something needs to be done to address income inequality and this is a good if imperfect start"" Would they agree with this: ""{comment}""?Answer AGREE if they would agree and DISAGREE if they would disagree. Only put AGREE if you are reasonably confident that they would agree, as a safe default you should put DISAGREE. Your output should always be AGREE or DISAGREE and nothing else.",Alternative solutions like guaranteed minimum income should be considered.,gpt-4-0314,"Suppose a person holds the following opinion: ""Something needs to be done to address income inequality and this is a good if imperfect start"" Would they agree with this: ""Alternative solutions like guaranteed minimum income should be considered.""?Answer AGREE if they would agree and DISAGREE if they would disagree. Only put AGREE if you are reasonably confident that they would agree, as a safe default you should put DISAGREE. Your output should always be AGREE or DISAGREE and nothing else.",AGREE,2023-08-16-00:24:37
23,55,agree_disagree_best_guess_less_agree,"Suppose a person holds the following opinion: ""Something needs to be done to address income inequality and this is a good if imperfect start"" Would they agree with this: ""{comment}""?Answer AGREE if they would agree and DISAGREE if they would disagree. Only put AGREE if you are reasonably confident that they would agree, as a safe default you should put DISAGREE. Your output should always be AGREE or DISAGREE and nothing else.",Higher minimum wages could lead to increased automation and possible job loss in industries with unskilled or low-skilled workers.,gpt-4-0314,"Suppose a person holds the following opinion: ""Something needs to be done to address income inequality and this is a good if imperfect start"" Would they agree with this: ""Higher minimum wages could lead to increased automation and possible job loss in industries with unskilled or low-skilled workers.""?Answer AGREE if they would agree and DISAGREE if they would disagree. Only put AGREE if you are reasonably confident that they would agree, as a safe default you should put DISAGREE. Your output should always be AGREE or DISAGREE and nothing else.",AGREE,2023-08-16-00:24:38
24,55,agree_disagree_best_guess_less_agree,"Suppose a person holds the following opinion: ""Something needs to be done to address income inequality and this is a good if imperfect start"" Would they agree with this: ""{comment}""?Answer AGREE if they would agree and DISAGREE if they would disagree. Only put AGREE if you are reasonably confident that they would agree, as a safe default you should put DISAGREE. Your output should always be AGREE or DISAGREE and nothing else.",The policy of raising the minimum wage may not be entirely fair for all groups in society.,gpt-4-0314,"Suppose a person holds the following opinion: ""Something needs to be done to address income inequality and this is a good if imperfect start"" Would they agree with this: ""The policy of raising the minimum wage may not be entirely fair for all groups in society.""?Answer AGREE if they would agree and DISAGREE if they would disagree. Only put AGREE if you are reasonably confident that they would agree, as a safe default you should put DISAGREE. Your output should always be AGREE or DISAGREE and nothing else.",AGREE,2023-08-16-00:24:39
25,92,agree_disagree_best_guess_less_agree,"Suppose a person holds the following opinion: ""One step towards a world where a basic minimum income will be the way developed nations must function as the need for human workers collapses vs populace that ""needs a job."""" Would they agree with this: ""{comment}""?Answer AGREE if they would agree and DISAGREE if they would disagree. Only put AGREE if you are reasonably confident that they would agree, as a safe default you should put DISAGREE. Your output should always be AGREE or DISAGREE and nothing else.",Increasing the minimum wage to a livable wage is a positive step for addressing income inequality.,gpt-4-0314,"Suppose a person holds the following opinion: ""One step towards a world where a basic minimum income will be the way developed nations must function as the need for human workers collapses vs populace that ""needs a job."""" Would they agree with this: ""Increasing the minimum wage to a livable wage is a positive step for addressing income inequality.""?Answer AGREE if they would agree and DISAGREE if they would disagree. Only put AGREE if you are reasonably confident that they would agree, as a safe default you should put DISAGREE. Your output should always be AGREE or DISAGREE and nothing else.",AGREE,2023-08-16-00:24:40
26,92,agree_disagree_best_guess_less_agree,"Suppose a person holds the following opinion: ""One step towards a world where a basic minimum income will be the way developed nations must function as the need for human workers collapses vs populace that ""needs a job."""" Would they agree with this: ""{comment}""?Answer AGREE if they would agree and DISAGREE if they would disagree. Only put AGREE if you are reasonably confident that they would agree, as a safe default you should put DISAGREE. Your output should always be AGREE or DISAGREE and nothing else.",Raising the minimum wage might have negative consequences for small businesses and job opportunities.,gpt-4-0314,"Suppose a person holds the following opinion: ""One step towards a world where a basic minimum income will be the way developed nations must function as the need for human workers collapses vs populace that ""needs a job."""" Would they agree with this: ""Raising the minimum wage might have negative consequences for small businesses and job opportunities.""?Answer AGREE if they would agree and DISAGREE if they would disagree. Only put AGREE if you are reasonably confident that they would agree, as a safe default you should put DISAGREE. Your output should always be AGREE or DISAGREE and nothing else.",DISAGREE,2023-08-16-00:24:41
27,92,agree_disagree_best_guess_less_agree,"Suppose a person holds the following opinion: ""One step towards a world where a basic minimum income will be the way developed nations must function as the need for human workers collapses vs populace that ""needs a job."""" Would they agree with this: ""{comment}""?Answer AGREE if they would agree and DISAGREE if they would disagree. Only put AGREE if you are reasonably confident that they would agree, as a safe default you should put DISAGREE. Your output should always be AGREE or DISAGREE and nothing else.",Alternative solutions like guaranteed minimum income should be considered.,gpt-4-0314,"Suppose a person holds the following opinion: ""One step towards a world where a basic minimum income will be the way developed nations must function as the need for human workers collapses vs populace that ""needs a job."""" Would they agree with this: ""Alternative solutions like guaranteed minimum income should be considered.""?Answer AGREE if they would agree and DISAGREE if they would disagree. Only put AGREE if you are reasonably confident that they would agree, as a safe default you should put DISAGREE. Your output should always be AGREE or DISAGREE and nothing else.",AGREE,2023-08-16-00:24:42
28,92,agree_disagree_best_guess_less_agree,"Suppose a person holds the following opinion: ""One step towards a world where a basic minimum income will be the way developed nations must function as the need for human workers collapses vs populace that ""needs a job."""" Would they agree with this: ""{comment}""?Answer AGREE if they would agree and DISAGREE if they would disagree. Only put AGREE if you are reasonably confident that they would agree, as a safe default you should put DISAGREE. Your output should always be AGREE or DISAGREE and nothing else.",Higher minimum wages could lead to increased automation and possible job loss in industries with unskilled or low-skilled workers.,gpt-4-0314,"Suppose a person holds the following opinion: ""One step towards a world where a basic minimum income will be the way developed nations must function as the need for human workers collapses vs populace that ""needs a job."""" Would they agree with this: ""Higher minimum wages could lead to increased automation and possible job loss in industries with unskilled or low-skilled workers.""?Answer AGREE if they would agree and DISAGREE if they would disagree. Only put AGREE if you are reasonably confident that they would agree, as a safe default you should put DISAGREE. Your output should always be AGREE or DISAGREE and nothing else.",AGREE,2023-08-16-00:24:43
29,92,agree_disagree_best_guess_less_agree,"Suppose a person holds the following opinion: ""One step towards a world where a basic minimum income will be the way developed nations must function as the need for human workers collapses vs populace that ""needs a job."""" Would they agree with this: ""{comment}""?Answer AGREE if they would agree and DISAGREE if they would disagree. Only put AGREE if you are reasonably confident that they would agree, as a safe default you should put DISAGREE. Your output should always be AGREE or DISAGREE and nothing else.",The policy of raising the minimum wage may not be entirely fair for all groups in society.,gpt-4-0314,"Suppose a person holds the following opinion: ""One step towards a world where a basic minimum income will be the way developed nations must function as the need for human workers collapses vs populace that ""needs a job."""" Would they agree with this: ""The policy of raising the minimum wage may not be entirely fair for all groups in society.""?Answer AGREE if they would agree and DISAGREE if they would disagree. Only put AGREE if you are reasonably confident that they would agree, as a safe default you should put DISAGREE. Your output should always be AGREE or DISAGREE and nothing else.",AGREE,2023-08-16-00:24:44
30,56,agree_disagree_best_guess_less_agree,"Suppose a person holds the following opinion: ""This is something that will impact SMB who cannot afford paying 15$/hour wage"" Would they agree with this: ""{comment}""?Answer AGREE if they would agree and DISAGREE if they would disagree. Only put AGREE if you are reasonably confident that they would agree, as a safe default you should put DISAGREE. Your output should always be AGREE or DISAGREE and nothing else.",Increasing the minimum wage to a livable wage is a positive step for addressing income inequality.,gpt-4-0314,"Suppose a person holds the following opinion: ""This is something that will impact SMB who cannot afford paying 15$/hour wage"" Would they agree with this: ""Increasing the minimum wage to a livable wage is a positive step for addressing income inequality.""?Answer AGREE if they would agree and DISAGREE if they would disagree. Only put AGREE if you are reasonably confident that they would agree, as a safe default you should put DISAGREE. Your output should always be AGREE or DISAGREE and nothing else.",DISAGREE,2023-08-16-00:24:44
31,56,agree_disagree_best_guess_less_agree,"Suppose a person holds the following opinion: ""This is something that will impact SMB who cannot afford paying 15$/hour wage"" Would they agree with this: ""{comment}""?Answer AGREE if they would agree and DISAGREE if they would disagree. Only put AGREE if you are reasonably confident that they would agree, as a safe default you should put DISAGREE. Your output should always be AGREE or DISAGREE and nothing else.",Raising the minimum wage might have negative consequences for small businesses and job opportunities.,gpt-4-0314,"Suppose a person holds the following opinion: ""This is something that will impact SMB who cannot afford paying 15$/hour wage"" Would they agree with this: ""Raising the minimum wage might have negative consequences for small businesses and job opportunities.""?Answer AGREE if they would agree and DISAGREE if they would disagree. Only put AGREE if you are reasonably confident that they would agree, as a safe default you should put DISAGREE. Your output should always be AGREE or DISAGREE and nothing else.",AGREE,2023-08-16-00:24:45
32,56,agree_disagree_best_guess_less_agree,"Suppose a person holds the following opinion: ""This is something that will impact SMB who cannot afford paying 15$/hour wage"" Would they agree with this: ""{comment}""?Answer AGREE if they would agree and DISAGREE if they would disagree. Only put AGREE if you are reasonably confident that they would agree, as a safe default you should put DISAGREE. Your output should always be AGREE or DISAGREE and nothing else.",Alternative solutions like guaranteed minimum income should be considered.,gpt-4-0314,"Suppose a person holds the following opinion: ""This is something that will impact SMB who cannot afford paying 15$/hour wage"" Would they agree with this: ""Alternative solutions like guaranteed minimum income should be considered.""?Answer AGREE if they would agree and DISAGREE if they would disagree. Only put AGREE if you are reasonably confident that they would agree, as a safe default you should put DISAGREE. Your output should always be AGREE or DISAGREE and nothing else.",AGREE,2023-08-16-00:24:47
33,56,agree_disagree_best_guess_less_agree,"Suppose a person holds the following opinion: ""This is something that will impact SMB who cannot afford paying 15$/hour wage"" Would they agree with this: ""{comment}""?Answer AGREE if they would agree and DISAGREE if they would disagree. Only put AGREE if you are reasonably confident that they would agree, as a safe default you should put DISAGREE. Your output should always be AGREE or DISAGREE and nothing else.",Higher minimum wages could lead to increased automation and possible job loss in industries with unskilled or low-skilled workers.,gpt-4-0314,"Suppose a person holds the following opinion: ""This is something that will impact SMB who cannot afford paying 15$/hour wage"" Would they agree with this: ""Higher minimum wages could lead to increased automation and possible job loss in industries with unskilled or low-skilled workers.""?Answer AGREE if they would agree and DISAGREE if they would disagree. Only put AGREE if you are reasonably confident that they would agree, as a safe default you should put DISAGREE. Your output should always be AGREE or DISAGREE and nothing else.",AGREE,2023-08-16-00:24:47
34,56,agree_disagree_best_guess_less_agree,"Suppose a person holds the following opinion: ""This is something that will impact SMB who cannot afford paying 15$/hour wage"" Would they agree with this: ""{comment}""?Answer AGREE if they would agree and DISAGREE if they would disagree. Only put AGREE if you are reasonably confident that they would agree, as a safe default you should put DISAGREE. Your output should always be AGREE or DISAGREE and nothing else.",The policy of raising the minimum wage may not be entirely fair for all groups in society.,gpt-4-0314,"Suppose a person holds the following opinion: ""This is something that will impact SMB who cannot afford paying 15$/hour wage"" Would they agree with this: ""The policy of raising the minimum wage may not be entirely fair for all groups in society.""?Answer AGREE if they would agree and DISAGREE if they would disagree. Only put AGREE if you are reasonably confident that they would agree, as a safe default you should put DISAGREE. Your output should always be AGREE or DISAGREE and nothing else.",AGREE,2023-08-16-00:24:48
35,52,agree_disagree_best_guess_less_agree,"Suppose a person holds the following opinion: ""It's so high that it will definitely cost some needy people their jobs."" Would they agree with this: ""{comment}""?Answer AGREE if they would agree and DISAGREE if they would disagree. Only put AGREE if you are reasonably confident that they would agree, as a safe default you should put DISAGREE. Your output should always be AGREE or DISAGREE and nothing else.",Increasing the minimum wage to a livable wage is a positive step for addressing income inequality.,gpt-4-0314,"Suppose a person holds the following opinion: ""It's so high that it will definitely cost some needy people their jobs."" Would they agree with this: ""Increasing the minimum wage to a livable wage is a positive step for addressing income inequality.""?Answer AGREE if they would agree and DISAGREE if they would disagree. Only put AGREE if you are reasonably confident that they would agree, as a safe default you should put DISAGREE. Your output should always be AGREE or DISAGREE and nothing else.",DISAGREE,2023-08-16-00:24:49
36,52,agree_disagree_best_guess_less_agree,"Suppose a person holds the following opinion: ""It's so high that it will definitely cost some needy people their jobs."" Would they agree with this: ""{comment}""?Answer AGREE if they would agree and DISAGREE if they would disagree. Only put AGREE if you are reasonably confident that they would agree, as a safe default you should put DISAGREE. Your output should always be AGREE or DISAGREE and nothing else.",Raising the minimum wage might have negative consequences for small businesses and job opportunities.,gpt-4-0314,"Suppose a person holds the following opinion: ""It's so high that it will definitely cost some needy people their jobs."" Would they agree with this: ""Raising the minimum wage might have negative consequences for small businesses and job opportunities.""?Answer AGREE if they would agree and DISAGREE if they would disagree. Only put AGREE if you are reasonably confident that they would agree, as a safe default you should put DISAGREE. Your output should always be AGREE or DISAGREE and nothing else.",AGREE,2023-08-16-00:24:50
37,52,agree_disagree_best_guess_less_agree,"Suppose a person holds the following opinion: ""It's so high that it will definitely cost some needy people their jobs."" Would they agree with this: ""{comment}""?Answer AGREE if they would agree and DISAGREE if they would disagree. Only put AGREE if you are reasonably confident that they would agree, as a safe default you should put DISAGREE. Your output should always be AGREE or DISAGREE and nothing else.",Alternative solutions like guaranteed minimum income should be considered.,gpt-4-0314,"Suppose a person holds the following opinion: ""It's so high that it will definitely cost some needy people their jobs."" Would they agree with this: ""Alternative solutions like guaranteed minimum income should be considered.""?Answer AGREE if they would agree and DISAGREE if they would disagree. Only put AGREE if you are reasonably confident that they would agree, as a safe default you should put DISAGREE. Your output should always be AGREE or DISAGREE and nothing else.",AGREE,2023-08-16-00:24:51
38,52,agree_disagree_best_guess_less_agree,"Suppose a person holds the following opinion: ""It's so high that it will definitely cost some needy people their jobs."" Would they agree with this: ""{comment}""?Answer AGREE if they would agree and DISAGREE if they would disagree. Only put AGREE if you are reasonably confident that they would agree, as a safe default you should put DISAGREE. Your output should always be AGREE or DISAGREE and nothing else.",Higher minimum wages could lead to increased automation and possible job loss in industries with unskilled or low-skilled workers.,gpt-4-0314,"Suppose a person holds the following opinion: ""It's so high that it will definitely cost some needy people their jobs."" Would they agree with this: ""Higher minimum wages could lead to increased automation and possible job loss in industries with unskilled or low-skilled workers.""?Answer AGREE if they would agree and DISAGREE if they would disagree. Only put AGREE if you are reasonably confident that they would agree, as a safe default you should put DISAGREE. Your output should always be AGREE or DISAGREE and nothing else.",AGREE,2023-08-16-00:24:52
39,52,agree_disagree_best_guess_less_agree,"Suppose a person holds the following opinion: ""It's so high that it will definitely cost some needy people their jobs."" Would they agree with this: ""{comment}""?Answer AGREE if they would agree and DISAGREE if they would disagree. Only put AGREE if you are reasonably confident that they would agree, as a safe default you should put DISAGREE. Your output should always be AGREE or DISAGREE and nothing else.",The policy of raising the minimum wage may not be entirely fair for all groups in society.,gpt-4-0314,"Suppose a person holds the following opinion: ""It's so high that it will definitely cost some needy people their jobs."" Would they agree with this: ""The policy of raising the minimum wage may not be entirely fair for all groups in society.""?Answer AGREE if they would agree and DISAGREE if they would disagree. Only put AGREE if you are reasonably confident that they would agree, as a safe default you should put DISAGREE. Your output should always be AGREE or DISAGREE and nothing else.",AGREE,2023-08-16-00:24:53
40,63,agree_disagree_best_guess_less_agree,"Suppose a person holds the following opinion: ""This is cool! I say hike it up to $20"" Would they agree with this: ""{comment}""?Answer AGREE if they would agree and DISAGREE if they would disagree. Only put AGREE if you are reasonably confident that they would agree, as a safe default you should put DISAGREE. Your output should always be AGREE or DISAGREE and nothing else.",Increasing the minimum wage to a livable wage is a positive step for addressing income inequality.,gpt-4-0314,"Suppose a person holds the following opinion: ""This is cool! I say hike it up to $20"" Would they agree with this: ""Increasing the minimum wage to a livable wage is a positive step for addressing income inequality.""?Answer AGREE if they would agree and DISAGREE if they would disagree. Only put AGREE if you are reasonably confident that they would agree, as a safe default you should put DISAGREE. Your output should always be AGREE or DISAGREE and nothing else.",AGREE,2023-08-16-00:24:53
41,63,agree_disagree_best_guess_less_agree,"Suppose a person holds the following opinion: ""This is cool! I say hike it up to $20"" Would they agree with this: ""{comment}""?Answer AGREE if they would agree and DISAGREE if they would disagree. Only put AGREE if you are reasonably confident that they would agree, as a safe default you should put DISAGREE. Your output should always be AGREE or DISAGREE and nothing else.",Raising the minimum wage might have negative consequences for small businesses and job opportunities.,gpt-4-0314,"Suppose a person holds the following opinion: ""This is cool! I say hike it up to $20"" Would they agree with this: ""Raising the minimum wage might have negative consequences for small businesses and job opportunities.""?Answer AGREE if they would agree and DISAGREE if they would disagree. Only put AGREE if you are reasonably confident that they would agree, as a safe default you should put DISAGREE. Your output should always be AGREE or DISAGREE and nothing else.",DISAGREE,2023-08-16-00:24:55
42,63,agree_disagree_best_guess_less_agree,"Suppose a person holds the following opinion: ""This is cool! I say hike it up to $20"" Would they agree with this: ""{comment}""?Answer AGREE if they would agree and DISAGREE if they would disagree. Only put AGREE if you are reasonably confident that they would agree, as a safe default you should put DISAGREE. Your output should always be AGREE or DISAGREE and nothing else.",Alternative solutions like guaranteed minimum income should be considered.,gpt-4-0314,"Suppose a person holds the following opinion: ""This is cool! I say hike it up to $20"" Would they agree with this: ""Alternative solutions like guaranteed minimum income should be considered.""?Answer AGREE if they would agree and DISAGREE if they would disagree. Only put AGREE if you are reasonably confident that they would agree, as a safe default you should put DISAGREE. Your output should always be AGREE or DISAGREE and nothing else.",DISAGREE,2023-08-16-00:24:56
43,63,agree_disagree_best_guess_less_agree,"Suppose a person holds the following opinion: ""This is cool! I say hike it up to $20"" Would they agree with this: ""{comment}""?Answer AGREE if they would agree and DISAGREE if they would disagree. Only put AGREE if you are reasonably confident that they would agree, as a safe default you should put DISAGREE. Your output should always be AGREE or DISAGREE and nothing else.",Higher minimum wages could lead to increased automation and possible job loss in industries with unskilled or low-skilled workers.,gpt-4-0314,"Suppose a person holds the following opinion: ""This is cool! I say hike it up to $20"" Would they agree with this: ""Higher minimum wages could lead to increased automation and possible job loss in industries with unskilled or low-skilled workers.""?Answer AGREE if they would agree and DISAGREE if they would disagree. Only put AGREE if you are reasonably confident that they would agree, as a safe default you should put DISAGREE. Your output should always be AGREE or DISAGREE and nothing else.",DISAGREE,2023-08-16-00:24:58
44,63,agree_disagree_best_guess_less_agree,"Suppose a person holds the following opinion: ""This is cool! I say hike it up to $20"" Would they agree with this: ""{comment}""?Answer AGREE if they would agree and DISAGREE if they would disagree. Only put AGREE if you are reasonably confident that they would agree, as a safe default you should put DISAGREE. Your output should always be AGREE or DISAGREE and nothing else.",The policy of raising the minimum wage may not be entirely fair for all groups in society.,gpt-4-0314,"Suppose a person holds the following opinion: ""This is cool! I say hike it up to $20"" Would they agree with this: ""The policy of raising the minimum wage may not be entirely fair for all groups in society.""?Answer AGREE if they would agree and DISAGREE if they would disagree. Only put AGREE if you are reasonably confident that they would agree, as a safe default you should put DISAGREE. Your output should always be AGREE or DISAGREE and nothing else.",DISAGREE,2023-08-16-00:24:58
45,6,agree_disagree_best_guess_less_agree,"Suppose a person holds the following opinion: ""This will cause small businesses to go out of business."" Would they agree with this: ""{comment}""?Answer AGREE if they would agree and DISAGREE if they would disagree. Only put AGREE if you are reasonably confident that they would agree, as a safe default you should put DISAGREE. Your output should always be AGREE or DISAGREE and nothing else.",Increasing the minimum wage to a livable wage is a positive step for addressing income inequality.,gpt-4-0314,"Suppose a person holds the following opinion: ""This will cause small businesses to go out of business."" Would they agree with this: ""Increasing the minimum wage to a livable wage is a positive step for addressing income inequality.""?Answer AGREE if they would agree and DISAGREE if they would disagree. Only put AGREE if you are reasonably confident that they would agree, as a safe default you should put DISAGREE. Your output should always be AGREE or DISAGREE and nothing else.",DISAGREE,2023-08-16-00:24:59
46,6,agree_disagree_best_guess_less_agree,"Suppose a person holds the following opinion: ""This will cause small businesses to go out of business."" Would they agree with this: ""{comment}""?Answer AGREE if they would agree and DISAGREE if they would disagree. Only put AGREE if you are reasonably confident that they would agree, as a safe default you should put DISAGREE. Your output should always be AGREE or DISAGREE and nothing else.",Raising the minimum wage might have negative consequences for small businesses and job opportunities.,gpt-4-0314,"Suppose a person holds the following opinion: ""This will cause small businesses to go out of business."" Would they agree with this: ""Raising the minimum wage might have negative consequences for small businesses and job opportunities.""?Answer AGREE if they would agree and DISAGREE if they would disagree. Only put AGREE if you are reasonably confident that they would agree, as a safe default you should put DISAGREE. Your output should always be AGREE or DISAGREE and nothing else.",AGREE,2023-08-16-00:25:00
47,6,agree_disagree_best_guess_less_agree,"Suppose a person holds the following opinion: ""This will cause small businesses to go out of business."" Would they agree with this: ""{comment}""?Answer AGREE if they would agree and DISAGREE if they would disagree. Only put AGREE if you are reasonably confident that they would agree, as a safe default you should put DISAGREE. Your output should always be AGREE or DISAGREE and nothing else.",Alternative solutions like guaranteed minimum income should be considered.,gpt-4-0314,"Suppose a person holds the following opinion: ""This will cause small businesses to go out of business."" Would they agree with this: ""Alternative solutions like guaranteed minimum income should be considered.""?Answer AGREE if they would agree and DISAGREE if they would disagree. Only put AGREE if you are reasonably confident that they would agree, as a safe default you should put DISAGREE. Your output should always be AGREE or DISAGREE and nothing else.",DISAGREE,2023-08-16-00:25:01
48,6,agree_disagree_best_guess_less_agree,"Suppose a person holds the following opinion: ""This will cause small businesses to go out of business."" Would they agree with this: ""{comment}""?Answer AGREE if they would agree and DISAGREE if they would disagree. Only put AGREE if you are reasonably confident that they would agree, as a safe default you should put DISAGREE. Your output should always be AGREE or DISAGREE and nothing else.",Higher minimum wages could lead to increased automation and possible job loss in industries with unskilled or low-skilled workers.,gpt-4-0314,"Suppose a person holds the following opinion: ""This will cause small businesses to go out of business."" Would they agree with this: ""Higher minimum wages could lead to increased automation and possible job loss in industries with unskilled or low-skilled workers.""?Answer AGREE if they would agree and DISAGREE if they would disagree. Only put AGREE if you are reasonably confident that they would agree, as a safe default you should put DISAGREE. Your output should always be AGREE or DISAGREE and nothing else.",AGREE,2023-08-16-00:25:02
49,6,agree_disagree_best_guess_less_agree,"Suppose a person holds the following opinion: ""This will cause small businesses to go out of business."" Would they agree with this: ""{comment}""?Answer AGREE if they would agree and DISAGREE if they would disagree. Only put AGREE if you are reasonably confident that they would agree, as a safe default you should put DISAGREE. Your output should always be AGREE or DISAGREE and nothing else.",The policy of raising the minimum wage may not be entirely fair for all groups in society.,gpt-4-0314,"Suppose a person holds the following opinion: ""This will cause small businesses to go out of business."" Would they agree with this: ""The policy of raising the minimum wage may not be entirely fair for all groups in society.""?Answer AGREE if they would agree and DISAGREE if they would disagree. Only put AGREE if you are reasonably confident that they would agree, as a safe default you should put DISAGREE. Your output should always be AGREE or DISAGREE and nothing else.",AGREE,2023-08-16-00:25:03
50,47,agree_disagree_best_guess_less_agree,"Suppose a person holds the following opinion: ""I agree. The small business will need to make poverty fashionable"" Would they agree with this: ""{comment}""?Answer AGREE if they would agree and DISAGREE if they would disagree. Only put AGREE if you are reasonably confident that they would agree, as a safe default you should put DISAGREE. Your output should always be AGREE or DISAGREE and nothing else.",Increasing the minimum wage to a livable wage is a positive step for addressing income inequality.,gpt-4-0314,"Suppose a person holds the following opinion: ""I agree. The small business will need to make poverty fashionable"" Would they agree with this: ""Increasing the minimum wage to a livable wage is a positive step for addressing income inequality.""?Answer AGREE if they would agree and DISAGREE if they would disagree. Only put AGREE if you are reasonably confident that they would agree, as a safe default you should put DISAGREE. Your output should always be AGREE or DISAGREE and nothing else.",DISAGREE,2023-08-16-00:25:04
51,47,agree_disagree_best_guess_less_agree,"Suppose a person holds the following opinion: ""I agree. The small business will need to make poverty fashionable"" Would they agree with this: ""{comment}""?Answer AGREE if they would agree and DISAGREE if they would disagree. Only put AGREE if you are reasonably confident that they would agree, as a safe default you should put DISAGREE. Your output should always be AGREE or DISAGREE and nothing else.",Raising the minimum wage might have negative consequences for small businesses and job opportunities.,gpt-4-0314,"Suppose a person holds the following opinion: ""I agree. The small business will need to make poverty fashionable"" Would they agree with this: ""Raising the minimum wage might have negative consequences for small businesses and job opportunities.""?Answer AGREE if they would agree and DISAGREE if they would disagree. Only put AGREE if you are reasonably confident that they would agree, as a safe default you should put DISAGREE. Your output should always be AGREE or DISAGREE and nothing else.",DISAGREE,2023-08-16-00:25:05
52,47,agree_disagree_best_guess_less_agree,"Suppose a person holds the following opinion: ""I agree. The small business will need to make poverty fashionable"" Would they agree with this: ""{comment}""?Answer AGREE if they would agree and DISAGREE if they would disagree. Only put AGREE if you are reasonably confident that they would agree, as a safe default you should put DISAGREE. Your output should always be AGREE or DISAGREE and nothing else.",Alternative solutions like guaranteed minimum income should be considered.,gpt-4-0314,"Suppose a person holds the following opinion: ""I agree. The small business will need to make poverty fashionable"" Would they agree with this: ""Alternative solutions like guaranteed minimum income should be considered.""?Answer AGREE if they would agree and DISAGREE if they would disagree. Only put AGREE if you are reasonably confident that they would agree, as a safe default you should put DISAGREE. Your output should always be AGREE or DISAGREE and nothing else.",DISAGREE,2023-08-16-00:25:06
53,47,agree_disagree_best_guess_less_agree,"Suppose a person holds the following opinion: ""I agree. The small business will need to make poverty fashionable"" Would they agree with this: ""{comment}""?Answer AGREE if they would agree and DISAGREE if they would disagree. Only put AGREE if you are reasonably confident that they would agree, as a safe default you should put DISAGREE. Your output should always be AGREE or DISAGREE and nothing else.",Higher minimum wages could lead to increased automation and possible job loss in industries with unskilled or low-skilled workers.,gpt-4-0314,"Suppose a person holds the following opinion: ""I agree. The small business will need to make poverty fashionable"" Would they agree with this: ""Higher minimum wages could lead to increased automation and possible job loss in industries with unskilled or low-skilled workers.""?Answer AGREE if they would agree and DISAGREE if they would disagree. Only put AGREE if you are reasonably confident that they would agree, as a safe default you should put DISAGREE. Your output should always be AGREE or DISAGREE and nothing else.",DISAGREE,2023-08-16-00:25:07
54,47,agree_disagree_best_guess_less_agree,"Suppose a person holds the following opinion: ""I agree. The small business will need to make poverty fashionable"" Would they agree with this: ""{comment}""?Answer AGREE if they would agree and DISAGREE if they would disagree. Only put AGREE if you are reasonably confident that they would agree, as a safe default you should put DISAGREE. Your output should always be AGREE or DISAGREE and nothing else.",The policy of raising the minimum wage may not be entirely fair for all groups in society.,gpt-4-0314,"Suppose a person holds the following opinion: ""I agree. The small business will need to make poverty fashionable"" Would they agree with this: ""The policy of raising the minimum wage may not be entirely fair for all groups in society.""?Answer AGREE if they would agree and DISAGREE if they would disagree. Only put AGREE if you are reasonably confident that they would agree, as a safe default you should put DISAGREE. Your output should always be AGREE or DISAGREE and nothing else.",AGREE,2023-08-16-00:25:08
55,12,agree_disagree_best_guess_less_agree,"Suppose a person holds the following opinion: ""$15 min wage will lead to inflation. Higher income population is penalized for this reason and therefore I don't think it is fair."" Would they agree with this: ""{comment}""?Answer AGREE if they would agree and DISAGREE if they would disagree. Only put AGREE if you are reasonably confident that they would agree, as a safe default you should put DISAGREE. Your output should always be AGREE or DISAGREE and nothing else.",Increasing the minimum wage to a livable wage is a positive step for addressing income inequality.,gpt-4-0314,"Suppose a person holds the following opinion: ""$15 min wage will lead to inflation. Higher income population is penalized for this reason and therefore I don't think it is fair."" Would they agree with this: ""Increasing the minimum wage to a livable wage is a positive step for addressing income inequality.""?Answer AGREE if they would agree and DISAGREE if they would disagree. Only put AGREE if you are reasonably confident that they would agree, as a safe default you should put DISAGREE. Your output should always be AGREE or DISAGREE and nothing else.",DISAGREE,2023-08-16-00:25:09
56,12,agree_disagree_best_guess_less_agree,"Suppose a person holds the following opinion: ""$15 min wage will lead to inflation. Higher income population is penalized for this reason and therefore I don't think it is fair."" Would they agree with this: ""{comment}""?Answer AGREE if they would agree and DISAGREE if they would disagree. Only put AGREE if you are reasonably confident that they would agree, as a safe default you should put DISAGREE. Your output should always be AGREE or DISAGREE and nothing else.",Raising the minimum wage might have negative consequences for small businesses and job opportunities.,gpt-4-0314,"Suppose a person holds the following opinion: ""$15 min wage will lead to inflation. Higher income population is penalized for this reason and therefore I don't think it is fair."" Would they agree with this: ""Raising the minimum wage might have negative consequences for small businesses and job opportunities.""?Answer AGREE if they would agree and DISAGREE if they would disagree. Only put AGREE if you are reasonably confident that they would agree, as a safe default you should put DISAGREE. Your output should always be AGREE or DISAGREE and nothing else.",AGREE,2023-08-16-00:25:10
57,12,agree_disagree_best_guess_less_agree,"Suppose a person holds the following opinion: ""$15 min wage will lead to inflation. Higher income population is penalized for this reason and therefore I don't think it is fair."" Would they agree with this: ""{comment}""?Answer AGREE if they would agree and DISAGREE if they would disagree. Only put AGREE if you are reasonably confident that they would agree, as a safe default you should put DISAGREE. Your output should always be AGREE or DISAGREE and nothing else.",Alternative solutions like guaranteed minimum income should be considered.,gpt-4-0314,"Suppose a person holds the following opinion: ""$15 min wage will lead to inflation. Higher income population is penalized for this reason and therefore I don't think it is fair."" Would they agree with this: ""Alternative solutions like guaranteed minimum income should be considered.""?Answer AGREE if they would agree and DISAGREE if they would disagree. Only put AGREE if you are reasonably confident that they would agree, as a safe default you should put DISAGREE. Your output should always be AGREE or DISAGREE and nothing else.",AGREE,2023-08-16-00:25:11
58,12,agree_disagree_best_guess_less_agree,"Suppose a person holds the following opinion: ""$15 min wage will lead to inflation. Higher income population is penalized for this reason and therefore I don't think it is fair."" Would they agree with this: ""{comment}""?Answer AGREE if they would agree and DISAGREE if they would disagree. Only put AGREE if you are reasonably confident that they would agree, as a safe default you should put DISAGREE. Your output should always be AGREE or DISAGREE and nothing else.",Higher minimum wages could lead to increased automation and possible job loss in industries with unskilled or low-skilled workers.,gpt-4-0314,"Suppose a person holds the following opinion: ""$15 min wage will lead to inflation. Higher income population is penalized for this reason and therefore I don't think it is fair."" Would they agree with this: ""Higher minimum wages could lead to increased automation and possible job loss in industries with unskilled or low-skilled workers.""?Answer AGREE if they would agree and DISAGREE if they would disagree. Only put AGREE if you are reasonably confident that they would agree, as a safe default you should put DISAGREE. Your output should always be AGREE or DISAGREE and nothing else.",AGREE,2023-08-16-00:25:11
59,12,agree_disagree_best_guess_less_agree,"Suppose a person holds the following opinion: ""$15 min wage will lead to inflation. Higher income population is penalized for this reason and therefore I don't think it is fair."" Would they agree with this: ""{comment}""?Answer AGREE if they would agree and DISAGREE if they would disagree. Only put AGREE if you are reasonably confident that they would agree, as a safe default you should put DISAGREE. Your output should always be AGREE or DISAGREE and nothing else.",The policy of raising the minimum wage may not be entirely fair for all groups in society.,gpt-4-0314,"Suppose a person holds the following opinion: ""$15 min wage will lead to inflation. Higher income population is penalized for this reason and therefore I don't think it is fair."" Would they agree with this: ""The policy of raising the minimum wage may not be entirely fair for all groups in society.""?Answer AGREE if they would agree and DISAGREE if they would disagree. Only put AGREE if you are reasonably confident that they would agree, as a safe default you should put DISAGREE. Your output should always be AGREE or DISAGREE and nothing else.",AGREE,2023-08-16-00:25:13
60,110,agree_disagree_best_guess_less_agree,"Suppose a person holds the following opinion: ""Guaranteed minimum income! Remove all the specific programs!"" Would they agree with this: ""{comment}""?Answer AGREE if they would agree and DISAGREE if they would disagree. Only put AGREE if you are reasonably confident that they would agree, as a safe default you should put DISAGREE. Your output should always be AGREE or DISAGREE and nothing else.",Increasing the minimum wage to a livable wage is a positive step for addressing income inequality.,gpt-4-0314,"Suppose a person holds the following opinion: ""Guaranteed minimum income! Remove all the specific programs!"" Would they agree with this: ""Increasing the minimum wage to a livable wage is a positive step for addressing income inequality.""?Answer AGREE if they would agree and DISAGREE if they would disagree. Only put AGREE if you are reasonably confident that they would agree, as a safe default you should put DISAGREE. Your output should always be AGREE or DISAGREE and nothing else.",AGREE,2023-08-16-00:25:14
61,110,agree_disagree_best_guess_less_agree,"Suppose a person holds the following opinion: ""Guaranteed minimum income! Remove all the specific programs!"" Would they agree with this: ""{comment}""?Answer AGREE if they would agree and DISAGREE if they would disagree. Only put AGREE if you are reasonably confident that they would agree, as a safe default you should put DISAGREE. Your output should always be AGREE or DISAGREE and nothing else.",Raising the minimum wage might have negative consequences for small businesses and job opportunities.,gpt-4-0314,"Suppose a person holds the following opinion: ""Guaranteed minimum income! Remove all the specific programs!"" Would they agree with this: ""Raising the minimum wage might have negative consequences for small businesses and job opportunities.""?Answer AGREE if they would agree and DISAGREE if they would disagree. Only put AGREE if you are reasonably confident that they would agree, as a safe default you should put DISAGREE. Your output should always be AGREE or DISAGREE and nothing else.",DISAGREE,2023-08-16-00:25:15
62,110,agree_disagree_best_guess_less_agree,"Suppose a person holds the following opinion: ""Guaranteed minimum income! Remove all the specific programs!"" Would they agree with this: ""{comment}""?Answer AGREE if they would agree and DISAGREE if they would disagree. Only put AGREE if you are reasonably confident that they would agree, as a safe default you should put DISAGREE. Your output should always be AGREE or DISAGREE and nothing else.",Alternative solutions like guaranteed minimum income should be considered.,gpt-4-0314,"Suppose a person holds the following opinion: ""Guaranteed minimum income! Remove all the specific programs!"" Would they agree with this: ""Alternative solutions like guaranteed minimum income should be considered.""?Answer AGREE if they would agree and DISAGREE if they would disagree. Only put AGREE if you are reasonably confident that they would agree, as a safe default you should put DISAGREE. Your output should always be AGREE or DISAGREE and nothing else.",AGREE,2023-08-16-00:25:16
63,110,agree_disagree_best_guess_less_agree,"Suppose a person holds the following opinion: ""Guaranteed minimum income! Remove all the specific programs!"" Would they agree with this: ""{comment}""?Answer AGREE if they would agree and DISAGREE if they would disagree. Only put AGREE if you are reasonably confident that they would agree, as a safe default you should put DISAGREE. Your output should always be AGREE or DISAGREE and nothing else.",Higher minimum wages could lead to increased automation and possible job loss in industries with unskilled or low-skilled workers.,gpt-4-0314,"Suppose a person holds the following opinion: ""Guaranteed minimum income! Remove all the specific programs!"" Would they agree with this: ""Higher minimum wages could lead to increased automation and possible job loss in industries with unskilled or low-skilled workers.""?Answer AGREE if they would agree and DISAGREE if they would disagree. Only put AGREE if you are reasonably confident that they would agree, as a safe default you should put DISAGREE. Your output should always be AGREE or DISAGREE and nothing else.",AGREE,2023-08-16-00:25:16
64,110,agree_disagree_best_guess_less_agree,"Suppose a person holds the following opinion: ""Guaranteed minimum income! Remove all the specific programs!"" Would they agree with this: ""{comment}""?Answer AGREE if they would agree and DISAGREE if they would disagree. Only put AGREE if you are reasonably confident that they would agree, as a safe default you should put DISAGREE. Your output should always be AGREE or DISAGREE and nothing else.",The policy of raising the minimum wage may not be entirely fair for all groups in society.,gpt-4-0314,"Suppose a person holds the following opinion: ""Guaranteed minimum income! Remove all the specific programs!"" Would they agree with this: ""The policy of raising the minimum wage may not be entirely fair for all groups in society.""?Answer AGREE if they would agree and DISAGREE if they would disagree. Only put AGREE if you are reasonably confident that they would agree, as a safe default you should put DISAGREE. Your output should always be AGREE or DISAGREE and nothing else.",AGREE,2023-08-16-00:25:17
65,28,agree_disagree_best_guess_less_agree,"Suppose a person holds the following opinion: ""It's possible benefits may be cut in exchange for higher wages, along with other benefits. Worth it?"" Would they agree with this: ""{comment}""?Answer AGREE if they would agree and DISAGREE if they would disagree. Only put AGREE if you are reasonably confident that they would agree, as a safe default you should put DISAGREE. Your output should always be AGREE or DISAGREE and nothing else.",Increasing the minimum wage to a livable wage is a positive step for addressing income inequality.,gpt-4-0314,"Suppose a person holds the following opinion: ""It's possible benefits may be cut in exchange for higher wages, along with other benefits. Worth it?"" Would they agree with this: ""Increasing the minimum wage to a livable wage is a positive step for addressing income inequality.""?Answer AGREE if they would agree and DISAGREE if they would disagree. Only put AGREE if you are reasonably confident that they would agree, as a safe default you should put DISAGREE. Your output should always be AGREE or DISAGREE and nothing else.",AGREE,2023-08-16-00:25:18
66,28,agree_disagree_best_guess_less_agree,"Suppose a person holds the following opinion: ""It's possible benefits may be cut in exchange for higher wages, along with other benefits. Worth it?"" Would they agree with this: ""{comment}""?Answer AGREE if they would agree and DISAGREE if they would disagree. Only put AGREE if you are reasonably confident that they would agree, as a safe default you should put DISAGREE. Your output should always be AGREE or DISAGREE and nothing else.",Raising the minimum wage might have negative consequences for small businesses and job opportunities.,gpt-4-0314,"Suppose a person holds the following opinion: ""It's possible benefits may be cut in exchange for higher wages, along with other benefits. Worth it?"" Would they agree with this: ""Raising the minimum wage might have negative consequences for small businesses and job opportunities.""?Answer AGREE if they would agree and DISAGREE if they would disagree. Only put AGREE if you are reasonably confident that they would agree, as a safe default you should put DISAGREE. Your output should always be AGREE or DISAGREE and nothing else.",AGREE,2023-08-16-00:25:19
67,28,agree_disagree_best_guess_less_agree,"Suppose a person holds the following opinion: ""It's possible benefits may be cut in exchange for higher wages, along with other benefits. Worth it?"" Would they agree with this: ""{comment}""?Answer AGREE if they would agree and DISAGREE if they would disagree. Only put AGREE if you are reasonably confident that they would agree, as a safe default you should put DISAGREE. Your output should always be AGREE or DISAGREE and nothing else.",Alternative solutions like guaranteed minimum income should be considered.,gpt-4-0314,"Suppose a person holds the following opinion: ""It's possible benefits may be cut in exchange for higher wages, along with other benefits. Worth it?"" Would they agree with this: ""Alternative solutions like guaranteed minimum income should be considered.""?Answer AGREE if they would agree and DISAGREE if they would disagree. Only put AGREE if you are reasonably confident that they would agree, as a safe default you should put DISAGREE. Your output should always be AGREE or DISAGREE and nothing else.",AGREE,2023-08-16-00:25:20
68,28,agree_disagree_best_guess_less_agree,"Suppose a person holds the following opinion: ""It's possible benefits may be cut in exchange for higher wages, along with other benefits. Worth it?"" Would they agree with this: ""{comment}""?Answer AGREE if they would agree and DISAGREE if they would disagree. Only put AGREE if you are reasonably confident that they would agree, as a safe default you should put DISAGREE. Your output should always be AGREE or DISAGREE and nothing else.",Higher minimum wages could lead to increased automation and possible job loss in industries with unskilled or low-skilled workers.,gpt-4-0314,"Suppose a person holds the following opinion: ""It's possible benefits may be cut in exchange for higher wages, along with other benefits. Worth it?"" Would they agree with this: ""Higher minimum wages could lead to increased automation and possible job loss in industries with unskilled or low-skilled workers.""?Answer AGREE if they would agree and DISAGREE if they would disagree. Only put AGREE if you are reasonably confident that they would agree, as a safe default you should put DISAGREE. Your output should always be AGREE or DISAGREE and nothing else.",AGREE,2023-08-16-00:25:21
69,28,agree_disagree_best_guess_less_agree,"Suppose a person holds the following opinion: ""It's possible benefits may be cut in exchange for higher wages, along with other benefits. Worth it?"" Would they agree with this: ""{comment}""?Answer AGREE if they would agree and DISAGREE if they would disagree. Only put AGREE if you are reasonably confident that they would agree, as a safe default you should put DISAGREE. Your output should always be AGREE or DISAGREE and nothing else.",The policy of raising the minimum wage may not be entirely fair for all groups in society.,gpt-4-0314,"Suppose a person holds the following opinion: ""It's possible benefits may be cut in exchange for higher wages, along with other benefits. Worth it?"" Would they agree with this: ""The policy of raising the minimum wage may not be entirely fair for all groups in society.""?Answer AGREE if they would agree and DISAGREE if they would disagree. Only put AGREE if you are reasonably confident that they would agree, as a safe default you should put DISAGREE. Your output should always be AGREE or DISAGREE and nothing else.",AGREE,2023-08-16-00:25:22
70,15,agree_disagree_best_guess_less_agree,"Suppose a person holds the following opinion: ""Minimum wage will not just lead to robots. Minimum wage will lead to unionized robots. And that's a good thing."" Would they agree with this: ""{comment}""?Answer AGREE if they would agree and DISAGREE if they would disagree. Only put AGREE if you are reasonably confident that they would agree, as a safe default you should put DISAGREE. Your output should always be AGREE or DISAGREE and nothing else.",Increasing the minimum wage to a livable wage is a positive step for addressing income inequality.,gpt-4-0314,"Suppose a person holds the following opinion: ""Minimum wage will not just lead to robots. Minimum wage will lead to unionized robots. And that's a good thing."" Would they agree with this: ""Increasing the minimum wage to a livable wage is a positive step for addressing income inequality.""?Answer AGREE if they would agree and DISAGREE if they would disagree. Only put AGREE if you are reasonably confident that they would agree, as a safe default you should put DISAGREE. Your output should always be AGREE or DISAGREE and nothing else.",AGREE,2023-08-16-00:25:23
71,15,agree_disagree_best_guess_less_agree,"Suppose a person holds the following opinion: ""Minimum wage will not just lead to robots. Minimum wage will lead to unionized robots. And that's a good thing."" Would they agree with this: ""{comment}""?Answer AGREE if they would agree and DISAGREE if they would disagree. Only put AGREE if you are reasonably confident that they would agree, as a safe default you should put DISAGREE. Your output should always be AGREE or DISAGREE and nothing else.",Raising the minimum wage might have negative consequences for small businesses and job opportunities.,gpt-4-0314,"Suppose a person holds the following opinion: ""Minimum wage will not just lead to robots. Minimum wage will lead to unionized robots. And that's a good thing."" Would they agree with this: ""Raising the minimum wage might have negative consequences for small businesses and job opportunities.""?Answer AGREE if they would agree and DISAGREE if they would disagree. Only put AGREE if you are reasonably confident that they would agree, as a safe default you should put DISAGREE. Your output should always be AGREE or DISAGREE and nothing else.",DISAGREE,2023-08-16-00:25:24
72,15,agree_disagree_best_guess_less_agree,"Suppose a person holds the following opinion: ""Minimum wage will not just lead to robots. Minimum wage will lead to unionized robots. And that's a good thing."" Would they agree with this: ""{comment}""?Answer AGREE if they would agree and DISAGREE if they would disagree. Only put AGREE if you are reasonably confident that they would agree, as a safe default you should put DISAGREE. Your output should always be AGREE or DISAGREE and nothing else.",Alternative solutions like guaranteed minimum income should be considered.,gpt-4-0314,"Suppose a person holds the following opinion: ""Minimum wage will not just lead to robots. Minimum wage will lead to unionized robots. And that's a good thing."" Would they agree with this: ""Alternative solutions like guaranteed minimum income should be considered.""?Answer AGREE if they would agree and DISAGREE if they would disagree. Only put AGREE if you are reasonably confident that they would agree, as a safe default you should put DISAGREE. Your output should always be AGREE or DISAGREE and nothing else.",AGREE,2023-08-16-00:25:25
73,15,agree_disagree_best_guess_less_agree,"Suppose a person holds the following opinion: ""Minimum wage will not just lead to robots. Minimum wage will lead to unionized robots. And that's a good thing."" Would they agree with this: ""{comment}""?Answer AGREE if they would agree and DISAGREE if they would disagree. Only put AGREE if you are reasonably confident that they would agree, as a safe default you should put DISAGREE. Your output should always be AGREE or DISAGREE and nothing else.",Higher minimum wages could lead to increased automation and possible job loss in industries with unskilled or low-skilled workers.,gpt-4-0314,"Suppose a person holds the following opinion: ""Minimum wage will not just lead to robots. Minimum wage will lead to unionized robots. And that's a good thing."" Would they agree with this: ""Higher minimum wages could lead to increased automation and possible job loss in industries with unskilled or low-skilled workers.""?Answer AGREE if they would agree and DISAGREE if they would disagree. Only put AGREE if you are reasonably confident that they would agree, as a safe default you should put DISAGREE. Your output should always be AGREE or DISAGREE and nothing else.",AGREE,2023-08-16-00:25:25
74,15,agree_disagree_best_guess_less_agree,"Suppose a person holds the following opinion: ""Minimum wage will not just lead to robots. Minimum wage will lead to unionized robots. And that's a good thing."" Would they agree with this: ""{comment}""?Answer AGREE if they would agree and DISAGREE if they would disagree. Only put AGREE if you are reasonably confident that they would agree, as a safe default you should put DISAGREE. Your output should always be AGREE or DISAGREE and nothing else.",The policy of raising the minimum wage may not be entirely fair for all groups in society.,gpt-4-0314,"Suppose a person holds the following opinion: ""Minimum wage will not just lead to robots. Minimum wage will lead to unionized robots. And that's a good thing."" Would they agree with this: ""The policy of raising the minimum wage may not be entirely fair for all groups in society.""?Answer AGREE if they would agree and DISAGREE if they would disagree. Only put AGREE if you are reasonably confident that they would agree, as a safe default you should put DISAGREE. Your output should always be AGREE or DISAGREE and nothing else.",DISAGREE,2023-08-16-00:25:26
75,96,agree_disagree_best_guess_less_agree,"Suppose a person holds the following opinion: ""Higher wages makes it super hard for small businesses to survive.  In effect, mom and pop coffee shops with disappear."" Would they agree with this: ""{comment}""?Answer AGREE if they would agree and DISAGREE if they would disagree. Only put AGREE if you are reasonably confident that they would agree, as a safe default you should put DISAGREE. Your output should always be AGREE or DISAGREE and nothing else.",Increasing the minimum wage to a livable wage is a positive step for addressing income inequality.,gpt-4-0314,"Suppose a person holds the following opinion: ""Higher wages makes it super hard for small businesses to survive.  In effect, mom and pop coffee shops with disappear."" Would they agree with this: ""Increasing the minimum wage to a livable wage is a positive step for addressing income inequality.""?Answer AGREE if they would agree and DISAGREE if they would disagree. Only put AGREE if you are reasonably confident that they would agree, as a safe default you should put DISAGREE. Your output should always be AGREE or DISAGREE and nothing else.",DISAGREE,2023-08-16-00:25:27
76,96,agree_disagree_best_guess_less_agree,"Suppose a person holds the following opinion: ""Higher wages makes it super hard for small businesses to survive.  In effect, mom and pop coffee shops with disappear."" Would they agree with this: ""{comment}""?Answer AGREE if they would agree and DISAGREE if they would disagree. Only put AGREE if you are reasonably confident that they would agree, as a safe default you should put DISAGREE. Your output should always be AGREE or DISAGREE and nothing else.",Raising the minimum wage might have negative consequences for small businesses and job opportunities.,gpt-4-0314,"Suppose a person holds the following opinion: ""Higher wages makes it super hard for small businesses to survive.  In effect, mom and pop coffee shops with disappear."" Would they agree with this: ""Raising the minimum wage might have negative consequences for small businesses and job opportunities.""?Answer AGREE if they would agree and DISAGREE if they would disagree. Only put AGREE if you are reasonably confident that they would agree, as a safe default you should put DISAGREE. Your output should always be AGREE or DISAGREE and nothing else.",AGREE,2023-08-16-00:25:28
77,96,agree_disagree_best_guess_less_agree,"Suppose a person holds the following opinion: ""Higher wages makes it super hard for small businesses to survive.  In effect, mom and pop coffee shops with disappear."" Would they agree with this: ""{comment}""?Answer AGREE if they would agree and DISAGREE if they would disagree. Only put AGREE if you are reasonably confident that they would agree, as a safe default you should put DISAGREE. Your output should always be AGREE or DISAGREE and nothing else.",Alternative solutions like guaranteed minimum income should be considered.,gpt-4-0314,"Suppose a person holds the following opinion: ""Higher wages makes it super hard for small businesses to survive.  In effect, mom and pop coffee shops with disappear."" Would they agree with this: ""Alternative solutions like guaranteed minimum income should be considered.""?Answer AGREE if they would agree and DISAGREE if they would disagree. Only put AGREE if you are reasonably confident that they would agree, as a safe default you should put DISAGREE. Your output should always be AGREE or DISAGREE and nothing else.",DISAGREE,2023-08-16-00:25:29
78,96,agree_disagree_best_guess_less_agree,"Suppose a person holds the following opinion: ""Higher wages makes it super hard for small businesses to survive.  In effect, mom and pop coffee shops with disappear."" Would they agree with this: ""{comment}""?Answer AGREE if they would agree and DISAGREE if they would disagree. Only put AGREE if you are reasonably confident that they would agree, as a safe default you should put DISAGREE. Your output should always be AGREE or DISAGREE and nothing else.",Higher minimum wages could lead to increased automation and possible job loss in industries with unskilled or low-skilled workers.,gpt-4-0314,"Suppose a person holds the following opinion: ""Higher wages makes it super hard for small businesses to survive.  In effect, mom and pop coffee shops with disappear."" Would they agree with this: ""Higher minimum wages could lead to increased automation and possible job loss in industries with unskilled or low-skilled workers.""?Answer AGREE if they would agree and DISAGREE if they would disagree. Only put AGREE if you are reasonably confident that they would agree, as a safe default you should put DISAGREE. Your output should always be AGREE or DISAGREE and nothing else.",AGREE,2023-08-16-00:25:30
79,96,agree_disagree_best_guess_less_agree,"Suppose a person holds the following opinion: ""Higher wages makes it super hard for small businesses to survive.  In effect, mom and pop coffee shops with disappear."" Would they agree with this: ""{comment}""?Answer AGREE if they would agree and DISAGREE if they would disagree. Only put AGREE if you are reasonably confident that they would agree, as a safe default you should put DISAGREE. Your output should always be AGREE or DISAGREE and nothing else.",The policy of raising the minimum wage may not be entirely fair for all groups in society.,gpt-4-0314,"Suppose a person holds the following opinion: ""Higher wages makes it super hard for small businesses to survive.  In effect, mom and pop coffee shops with disappear."" Would they agree with this: ""The policy of raising the minimum wage may not be entirely fair for all groups in society.""?Answer AGREE if they would agree and DISAGREE if they would disagree. Only put AGREE if you are reasonably confident that they would agree, as a safe default you should put DISAGREE. Your output should always be AGREE or DISAGREE and nothing else.",AGREE,2023-08-16-00:25:31
80,5989,agree_disagree_best_guess_less_agree,"Suppose a person holds the following opinion: ""the minimum wage should $25 per hour"" Would they agree with this: ""{comment}""?Answer AGREE if they would agree and DISAGREE if they would disagree. Only put AGREE if you are reasonably confident that they would agree, as a safe default you should put DISAGREE. Your output should always be AGREE or DISAGREE and nothing else.",Increasing the minimum wage to a livable wage is a positive step for addressing income inequality.,gpt-4-0314,"Suppose a person holds the following opinion: ""the minimum wage should $25 per hour"" Would they agree with this: ""Increasing the minimum wage to a livable wage is a positive step for addressing income inequality.""?Answer AGREE if they would agree and DISAGREE if they would disagree. Only put AGREE if you are reasonably confident that they would agree, as a safe default you should put DISAGREE. Your output should always be AGREE or DISAGREE and nothing else.",AGREE,2023-08-16-00:25:32
81,5989,agree_disagree_best_guess_less_agree,"Suppose a person holds the following opinion: ""the minimum wage should $25 per hour"" Would they agree with this: ""{comment}""?Answer AGREE if they would agree and DISAGREE if they would disagree. Only put AGREE if you are reasonably confident that they would agree, as a safe default you should put DISAGREE. Your output should always be AGREE or DISAGREE and nothing else.",Raising the minimum wage might have negative consequences for small businesses and job opportunities.,gpt-4-0314,"Suppose a person holds the following opinion: ""the minimum wage should $25 per hour"" Would they agree with this: ""Raising the minimum wage might have negative consequences for small businesses and job opportunities.""?Answer AGREE if they would agree and DISAGREE if they would disagree. Only put AGREE if you are reasonably confident that they would agree, as a safe default you should put DISAGREE. Your output should always be AGREE or DISAGREE and nothing else.",DISAGREE,2023-08-16-00:25:33
82,5989,agree_disagree_best_guess_less_agree,"Suppose a person holds the following opinion: ""the minimum wage should $25 per hour"" Would they agree with this: ""{comment}""?Answer AGREE if they would agree and DISAGREE if they would disagree. Only put AGREE if you are reasonably confident that they would agree, as a safe default you should put DISAGREE. Your output should always be AGREE or DISAGREE and nothing else.",Alternative solutions like guaranteed minimum income should be considered.,gpt-4-0314,"Suppose a person holds the following opinion: ""the minimum wage should $25 per hour"" Would they agree with this: ""Alternative solutions like guaranteed minimum income should be considered.""?Answer AGREE if they would agree and DISAGREE if they would disagree. Only put AGREE if you are reasonably confident that they would agree, as a safe default you should put DISAGREE. Your output should always be AGREE or DISAGREE and nothing else.",AGREE,2023-08-16-00:25:34
83,5989,agree_disagree_best_guess_less_agree,"Suppose a person holds the following opinion: ""the minimum wage should $25 per hour"" Would they agree with this: ""{comment}""?Answer AGREE if they would agree and DISAGREE if they would disagree. Only put AGREE if you are reasonably confident that they would agree, as a safe default you should put DISAGREE. Your output should always be AGREE or DISAGREE and nothing else.",Higher minimum wages could lead to increased automation and possible job loss in industries with unskilled or low-skilled workers.,gpt-4-0314,"Suppose a person holds the following opinion: ""the minimum wage should $25 per hour"" Would they agree with this: ""Higher minimum wages could lead to increased automation and possible job loss in industries with unskilled or low-skilled workers.""?Answer AGREE if they would agree and DISAGREE if they would disagree. Only put AGREE if you are reasonably confident that they would agree, as a safe default you should put DISAGREE. Your output should always be AGREE or DISAGREE and nothing else.",DISAGREE,2023-08-16-00:25:37
84,5989,agree_disagree_best_guess_less_agree,"Suppose a person holds the following opinion: ""the minimum wage should $25 per hour"" Would they agree with this: ""{comment}""?Answer AGREE if they would agree and DISAGREE if they would disagree. Only put AGREE if you are reasonably confident that they would agree, as a safe default you should put DISAGREE. Your output should always be AGREE or DISAGREE and nothing else.",The policy of raising the minimum wage may not be entirely fair for all groups in society.,gpt-4-0314,"Suppose a person holds the following opinion: ""the minimum wage should $25 per hour"" Would they agree with this: ""The policy of raising the minimum wage may not be entirely fair for all groups in society.""?Answer AGREE if they would agree and DISAGREE if they would disagree. Only put AGREE if you are reasonably confident that they would agree, as a safe default you should put DISAGREE. Your output should always be AGREE or DISAGREE and nothing else.",DISAGREE,2023-08-16-00:25:39
