agents,"Businesses, small or large, shouldn't be able to pay workers anything below a livable wage. Why should we subsidize businesses that depend on inadequate wages? If a business's product is good, then this shouldn't be a challenge.",It's just going to speed up the adoption of robotics in industries with unskilled or low-skilled workers.,Reactionary liberal trash. Doesn't solve the problem. It's a systemic problem and this solution is like a band aid on a broken leg.,Good move. Will boost econy here,Something needs to be done to address income inequality and this is a good if imperfect start,"One step towards a world where a basic minimum income will be the way developed nations must function as the need for human workers collapses vs populace that ""needs a job.""",This is something that will impact SMB who cannot afford paying 15$/hour wage,It's so high that it will definitely cost some needy people their jobs.,This is cool! I say hike it up to $20,This will cause small businesses to go out of business.,I agree. The small business will need to make poverty fashionable,$15 min wage will lead to inflation. Higher income population is penalized for this reason and therefore I don't think it is fair.,Guaranteed minimum income! Remove all the specific programs!,"It's possible benefits may be cut in exchange for higher wages, along with other benefits. Worth it?",Minimum wage will not just lead to robots. Minimum wage will lead to unionized robots. And that's a good thing.,"Higher wages makes it super hard for small businesses to survive.  In effect, mom and pop coffee shops with disappear.",the minimum wage should $25 per hour,"While the arguments for the raise in the minimum wage law have been trumpeted as being “anti corporate greed”, those larger companies are, ironically, the most able to pay for the increase in wages. This will hurt small businesses the most, and I don’t think the law’s provisions do enough to accommodate this.",I imagine new businesses opening will run counter operations where guests grab their own silverware and bus their own tables.,This is a game changer. The myriad of unintended consequences it too complex to really understand; even for restaurant veterans.,"At the very least, customers across the board are going to have to pay more to accommodate the new wage. Some people will be okay with that but I worry that customers will start spending less and going out less as they adjust to higher prices.","There seems to be a fallacy that instead of lining our richie-rich pockets, business owners will simply break off a little more for their employees. I’m an owner of a small business, and I barely get paid $15 an hour.",This will lead to robots.,"I don't think it's a bad thing but for smaller businesses, only the super strong will survive. It will mean that only owners who are willing and able to work every day at their own businesses to reduce labor costs will survive.","I think there are better ways to implement this. For instance, what about subsidies","During the campaign, I found out that 75% of minimum-wage workers are 20 or older. I think it’s the right thing to do to bring higher incomes to this group of people.","Paying $15/hour to tens of millions of workers around the country will increase the amount they and their families can spend on goods and services, which would provide a huge boost to the economy.","I think it is unlikely that companies will raise prices, as they still have to remain competitive in the market. I think it is more likely that companies will have less profits and I’m ok with that.","Given inflation, unless workers fight they are continually being pushed down. I think we’ll need to revisit these laws again and again to make sure the economy is working for poor families.",It’s called a ‘living wage’ for a reason - there shouldn’t be a debate about the ethics of the law. Anyone who has done the math knows that it’s impossible to pay rent and bills on the present minimum wage.
"(215, (48,))",1,-1,-1,1,1,1,1,-1,1,-1,-1,-1,1,1,1,-1,1,-1,1,1,1,-1,-1,1,-1,1,1,1,1,1
"(85, (36,))",-1,1,-1,1,-1,1,1,1,1,1,-1,1,-1,1,1,1,-1,1,1,1,1,1,1,1,-1,-1,-1,1,1,-1
"(33, (20,))",-1,1,1,-1,-1,-1,-1,-1,-1,-1,-1,-1,-1,-1,-1,-1,-1,1,-1,-1,-1,-1,-1,-1,1,-1,-1,-1,-1,1
"(14, (24,))",-1,1,-1,1,1,1,1,-1,1,-1,-1,-1,-1,1,1,-1,-1,-1,1,1,-1,-1,-1,1,-1,1,1,1,1,1
"(55, (45,))",1,-1,-1,1,1,1,-1,-1,1,-1,-1,-1,1,1,1,-1,-1,1,-1,-1,1,1,-1,1,1,1,1,1,1,1
"(92, (39,))",1,1,-1,1,1,1,1,-1,1,-1,-1,-1,1,-1,1,-1,-1,-1,1,1,1,1,1,1,1,1,1,1,1,1
"(56, (18,))",-1,1,-1,-1,-1,-1,1,1,-1,1,-1,1,-1,-1,-1,1,-1,1,1,1,1,1,1,1,1,-1,-1,-1,-1,-1
"(52, (25,))",-1,1,1,-1,-1,-1,1,1,-1,1,-1,1,-1,-1,-1,1,-1,1,1,1,1,1,-1,1,1,-1,-1,-1,-1,-1
"(63, (26,))",1,-1,-1,1,1,-1,-1,-1,1,-1,-1,-1,-1,1,1,-1,-1,1,-1,-1,-1,1,-1,-1,-1,1,1,-1,1,1
"(6, (28,))",-1,-1,1,-1,-1,-1,1,1,-1,1,-1,1,-1,-1,-1,1,-1,1,-1,1,1,1,-1,1,1,-1,-1,-1,-1,-1
"(47, (29,))",-1,-1,-1,1,1,-1,1,-1,-1,-1,1,-1,-1,1,-1,1,-1,1,1,-1,1,1,-1,1,1,-1,-1,1,1,-1
"(12, (32,))",-1,1,1,-1,-1,-1,1,1,-1,1,-1,1,-1,-1,-1,1,-1,1,1,1,1,1,1,1,1,-1,-1,-1,-1,-1
"(110, (34,))",1,1,-1,1,1,1,-1,-1,1,-1,-1,1,1,1,-1,-1,-1,1,-1,-1,-1,-1,-1,1,-1,1,-1,1,1,1
"(28, (43,))",1,-1,-1,1,1,1,1,-1,1,-1,-1,-1,1,1,1,-1,-1,1,-1,1,1,1,-1,1,1,1,1,1,1,1
"(15, (44,))",1,1,-1,1,1,1,-1,-1,1,-1,-1,-1,-1,1,1,-1,1,-1,-1,-1,-1,-1,1,-1,-1,1,1,1,1,1
"(96, (46,))",-1,1,1,-1,-1,-1,1,1,-1,1,-1,1,-1,1,-1,1,-1,1,1,1,1,1,-1,1,1,-1,-1,-1,-1,-1
"(5989, (51,))",1,1,-1,1,1,1,1,-1,1,-1,-1,-1,-1,-1,1,-1,1,-1,-1,-1,1,-1,-1,-1,-1,1,1,1,1,1
"(0, (4,))",-1,1,-1,-1,-1,-1,1,1,-1,1,-1,1,-1,-1,-1,1,-1,1,1,1,1,1,-1,1,1,-1,-1,-1,-1,-1
"(0, (0,))",-1,1,-1,1,-1,1,1,-1,-1,-1,-1,-1,-1,1,-1,-1,-1,1,1,1,1,-1,-1,1,-1,-1,-1,1,-1,-1
"(0, (1,))",-1,1,1,-1,-1,1,1,1,-1,1,1,1,-1,-1,-1,1,-1,1,1,1,1,1,-1,1,1,-1,-1,-1,1,-1
"(0, (2,))",-1,-1,-1,-1,-1,-1,1,-1,-1,1,-1,1,-1,-1,-1,1,-1,1,1,1,1,1,-1,1,1,-1,-1,-1,-1,-1
"(0, (3,))",-1,-1,1,-1,1,-1,1,-1,-1,1,-1,-1,-1,-1,-1,1,-1,1,1,1,1,1,-1,1,1,-1,-1,-1,1,-1
"(0, (5,))",-1,1,-1,-1,-1,1,-1,-1,-1,-1,-1,-1,-1,-1,1,-1,-1,-1,-1,1,-1,-1,1,-1,-1,-1,-1,-1,-1,-1
"(0, (6,))",-1,1,-1,1,-1,-1,1,1,-1,1,-1,-1,-1,1,-1,1,-1,1,1,1,1,1,-1,1,1,-1,-1,1,-1,-1
"(0, (7,))",-1,-1,-1,-1,1,-1,1,-1,-1,-1,-1,-1,-1,1,-1,-1,-1,1,-1,-1,-1,-1,-1,1,1,-1,-1,-1,1,-1
"(0, (8,))",1,-1,-1,1,1,1,-1,-1,1,-1,-1,-1,-1,1,1,-1,-1,-1,-1,-1,-1,-1,-1,-1,1,1,1,1,1,1
"(0, (9,))",1,-1,-1,1,1,1,1,-1,1,-1,-1,-1,1,1,1,-1,1,-1,-1,-1,-1,-1,-1,-1,-1,1,1,1,1,1
"(0, (10,))",1,-1,-1,1,1,-1,-1,-1,-1,-1,-1,-1,-1,1,-1,-1,-1,1,-1,-1,-1,1,-1,1,1,1,1,1,1,1
"(0, (11,))",1,-1,-1,1,1,1,1,-1,1,-1,-1,-1,-1,1,1,-1,1,-1,-1,-1,1,1,-1,-1,1,1,1,1,1,1
"(0, (12,))",1,-1,-1,1,1,1,-1,-1,1,-1,-1,-1,1,1,1,-1,1,1,-1,1,1,-1,-1,-1,1,1,1,1,1,1
