,"We already possess the necessary technological breakthroughs to transition away from fossil fuels, like renewable energy and electric vehicles, but we face greater challenges in terms of implementation and scaling up.","Global warming may be impossible to fully solve due to various obstacles, such as political and corporate interference or irreversible environmental damage, potentially leading to the collapse of civilization.","Small, incremental changes, including driving hybrid cars and eating less meat, can contribute to slowing down global warming but may not be sufficient on their own, buying us time to find more comprehensive solutions.","Finding a significant technological breakthrough, such as space travel or advanced atmospheric manipulation, may be essential for humanity's survival and success in addressing global warming in the long term.","Addressing global warming effectively requires large-scale systemic transformations, focusing not only on technological innovation but also on re-evaluating our economic structures, societal values, and approaches to resource management."
9190153,1,-1,-1,-1,-1
92947608,1,-1,-1,-1,-1
28634333,-1,1,-1,-1,-1
28312389,-1,1,-1,-1,-1
91782895,-1,-1,-1,-1,-1
61145487,-1,-1,-1,-1,1
30520126,-1,-1,-1,1,-1
61489654,1,-1,1,1,-1
95362406,-1,-1,1,1,-1
29257320,1,1,1,-1,1
37286383,-1,-1,1,1,-1
20928113,-1,1,-1,-1,-1
76748472,1,-1,1,-1,1
65022757,-1,-1,-1,-1,1
49466974,-1,-1,-1,-1,1
95482972,-1,-1,-1,-1,1
